itr,time,loss,theta,phi,gamma,bx,by,bz
0,1.0644531268626451,-0.8433933258056641,3.370075225830078,0.157951220870018,1.5280078649520874,167.6666717529297,158.30531311035156,146.26402282714844
1,1.0443599745631218,-0.9015873670578003,3.143721580505371,0.1549806296825409,1.4380898475646973,169.10902404785156,172.80191040039062,151.77684020996094
2,1.095305223017931,-0.9507694840431213,3.1684515476226807,0.06408634036779404,1.5807092189788818,170.32208251953125,181.66004943847656,155.28909301757812
3,1.1222114535048604,-0.9755316376686096,3.081264019012451,0.057146307080984116,1.5312012434005737,177.402099609375,180.89739990234375,161.04287719726562
4,1.0944409109652042,-0.9984380602836609,3.143744468688965,-0.005688255187124014,1.57230806350708,180.708251953125,179.49160766601562,164.93878173828125
