itr,time,loss,theta,phi,gamma,bx,by,bz
0,0.9660462439060211,-0.7946915030479431,2.990271806716919,0.10801289975643158,1.639112114906311,152.79075622558594,208.27566528320312,165.37075805664062
1,1.026558369398117,-0.8002867698669434,3.03316330909729,0.13841386139392853,1.614134430885315,153.70909118652344,206.67364501953125,165.35362243652344
2,1.1391486506909132,-0.9534990787506104,3.278296947479248,0.020418737083673477,1.5263153314590454,171.3361358642578,175.7905731201172,164.9883575439453
3,1.1330864923074841,-0.9800042510032654,3.175503730773926,0.014268023893237114,1.5269579887390137,176.01626586914062,177.255859375,164.9665985107422
