itr,time,loss,theta,phi,gamma,bx,by,bz
0,1.0332709988579154,-0.751710832118988,2.8520865440368652,-0.22920089960098267,1.710922122001648,209.9416046142578,191.00289916992188,194.8360595703125
1,1.0306942779570818,-0.7796798348426819,2.9277408123016357,-0.31786617636680603,1.6533522605895996,196.2360076904297,191.36337280273438,194.3745880126953
2,1.0781169151887298,-0.8824408054351807,3.0937416553497314,-0.0756058394908905,1.6063649654388428,181.7139892578125,190.4176788330078,193.21580505371094
3,1.2542605670168996,-0.9279294610023499,3.041081666946411,-0.02967187389731407,1.5515087842941284,180.4279327392578,181.0717010498047,186.82125854492188
4,1.130483684130013,-0.9450792670249939,3.1827445030212402,-0.053236138075590134,1.5704694986343384,177.62648010253906,177.25143432617188,182.18310546875
5,1.2037264872342348,-0.9503079652786255,3.158055543899536,-0.05248119309544563,1.5772171020507812,178.78306579589844,177.8978271484375,181.6667022705078
