itr,time,loss,theta,phi,gamma,bx,by,bz
0,0.9813101924955845,-0.6132381558418274,2.995616912841797,0.19300104677677155,1.5341910123825073,209.6304168701172,188.58612060546875,144.93527221679688
1,1.0553193241357803,-0.7576490044593811,3.1213202476501465,0.2379983514547348,1.7228490114212036,194.94546508789062,186.3995361328125,148.5220489501953
2,1.047970961779356,-0.9211775064468384,3.1415293216705322,0.07961373776197433,1.5999420881271362,171.80169677734375,186.57345581054688,150.34393310546875
3,1.117726856842637,-0.9772064089775085,3.20161771774292,0.008252553641796112,1.5790255069732666,179.85365295410156,177.27508544921875,157.5216522216797
4,1.1427839174866676,-0.9802632331848145,3.1763036251068115,0.026278475299477577,1.563901424407959,178.88778686523438,177.3678436279297,157.51829528808594
