itr,time,loss,theta,phi,gamma,bx,by,bz
0,1.0235710246488452,-0.8927851319313049,3.226226329803467,0.11074119061231613,1.5334588289260864,160.44125366210938,168.1703338623047,157.84388732910156
1,1.049478143453598,-0.9082291722297668,3.2774229049682617,0.10359072685241699,1.569975733757019,162.94808959960938,170.50833129882812,158.50022888183594
2,1.1259088404476643,-0.9827988147735596,3.1323680877685547,0.024164434522390366,1.5781124830245972,176.1100311279297,182.6665802001953,161.9045867919922
3,1.042854798026383,-0.998784065246582,3.1436915397644043,0.0029464068356901407,1.5707018375396729,180.3160400390625,179.7884521484375,164.44705200195312
