itr,time,loss,theta,phi,gamma,bx,by,bz
0,1.1029798910021782,-0.8011379837989807,3.4129269123077393,0.06959331035614014,1.4862366914749146,156.61643981933594,153.66749572753906,170.13267517089844
1,1.085009672679007,-0.826174795627594,3.2456250190734863,-0.03526279702782631,1.6095116138458252,158.6737823486328,161.68124389648438,167.69012451171875
2,1.1058185156434774,-0.9358915090560913,3.1676888465881348,0.07061018794775009,1.583219289779663,164.283203125,181.3694610595703,161.63771057128906
3,1.2322612516582012,-0.9985805153846741,3.145843744277954,0.003993045538663864,1.5702427625656128,180.0406036376953,179.63278198242188,164.23443603515625
