itr,time,loss,theta,phi,gamma,bx,by,bz
0,1.0113888839259744,-0.8722146153450012,3.1653172969818115,0.130717471241951,1.6079758405685425,153.2823028564453,187.31446838378906,159.13011169433594
1,0.9892395827919245,-0.8731873631477356,3.1584904193878174,0.11112775653600693,1.6120076179504395,153.5071258544922,187.20223999023438,159.17445373535156
2,1.0184609405696392,-0.9855851531028748,3.157748222351074,0.010772384703159332,1.5608409643173218,177.0399627685547,176.18231201171875,164.01528930664062
3,1.0835989862680435,-0.9864374995231628,3.183823585510254,0.011987242847681046,1.5655324459075928,177.22779846191406,176.15850830078125,164.05946350097656
