itr,time,loss,theta,phi,gamma,bx,by,bz
0,1.0587877072393894,-0.8274857997894287,2.791586399078369,0.06910140812397003,1.608864426612854,177.42849731445312,206.7135009765625,173.02972412109375
1,1.0122817028313875,-0.8578347563743591,3.1034436225891113,-0.05199864134192467,1.5962673425674438,177.27139282226562,198.16476440429688,171.8595428466797
2,1.0425019226968288,-0.9750058054924011,3.179649829864502,-0.01935860887169838,1.5280367136001587,176.75286865234375,181.85154724121094,170.32821655273438
3,1.085507812909782,-0.9920914769172668,3.166546106338501,-0.006126705557107925,1.5712425708770752,177.55001831054688,179.00343322753906,169.5371856689453
