itr,time,loss,theta,phi,gamma,bx,by,bz
0,0.9844460599124432,-0.898637592792511,3.1386122703552246,0.045699767768383026,1.5999517440795898,159.60540771484375,187.93218994140625,171.25045776367188
1,0.9148423401638865,-0.9605817198753357,3.126375436782837,0.04827838018536568,1.618488073348999,173.36595153808594,178.86871337890625,168.2943115234375
2,1.0622962061315775,-0.98729008436203,3.1626017093658447,0.0033652670681476593,1.5667129755020142,176.46368408203125,177.0073699951172,167.60214233398438
