itr,time,loss,theta,phi,gamma,bx,by,bz
0,0.9719915622845292,-0.919340193271637,3.208420753479004,-0.04900607839226723,1.5546761751174927,176.55076599121094,173.47830200195312,183.64028930664062
1,1.0060847494751215,-0.9724353551864624,3.1274194717407227,-0.025879286229610443,1.5739346742630005,177.218994140625,182.97735595703125,176.49148559570312
2,1.0637722229585052,-0.9735474586486816,3.1009223461151123,-0.021324852481484413,1.5791943073272705,177.38035583496094,182.45535278320312,176.41860961914062
3,1.0925222868099809,-0.9969595670700073,3.1279470920562744,-0.004431806039065123,1.5689283609390259,181.72357177734375,180.69447326660156,167.42312622070312
