itr,time,loss,theta,phi,gamma,bx,by,bz
0,0.9703186582773924,-0.8757073879241943,3.225572109222412,0.15282438695430756,1.5825649499893188,163.43997192382812,175.47442626953125,141.902099609375
1,1.0291984174400568,-0.9278435111045837,3.274503469467163,0.004542939364910126,1.619524598121643,171.02215576171875,178.2458038330078,152.91026306152344
2,1.0685457745566964,-0.9984716773033142,3.1470706462860107,0.0023843063972890377,1.573298692703247,179.6416473388672,180.78102111816406,165.43582153320312
