itr,time,loss,theta,phi,gamma,bx,by,bz
0,0.9513143515214324,-0.979892373085022,3.0957424640655518,-0.01357954740524292,1.577409267425537,179.9148712158203,184.8024139404297,171.57395935058594
1,0.9434253359213471,-0.9951493740081787,3.13852596282959,-0.006606217473745346,1.5717071294784546,180.2054443359375,180.05032348632812,170.3160400390625
2,0.49725777469575405,-0.9951655864715576,3.139958381652832,-0.006359556689858437,1.5718066692352295,180.2036895751953,180.07180786132812,170.31361389160156
