itr,time,loss,theta,phi,gamma,bx,by,bz
0,0.982595831155777,-0.7640463709831238,3.416998863220215,-0.09483546763658524,1.5138473510742188,173.51885986328125,159.00628662109375,194.83447265625
1,1.0086113419383764,-0.7834659814834595,3.3770971298217773,0.03442656993865967,1.4539116621017456,173.0552215576172,162.728271484375,192.5773162841797
2,1.1259055892005563,-0.9427074193954468,3.1602602005004883,-0.03674470633268356,1.5686185359954834,170.89004516601562,182.19911193847656,180.45956420898438
3,1.0542332790791988,-0.944966197013855,3.1419827938079834,-0.02633007802069187,1.572542667388916,171.1220703125,182.4826202392578,179.9410858154297
4,1.0353607591241598,-0.9975875020027161,3.1357100009918213,-0.005899386014789343,1.5728282928466797,181.07537841796875,180.61236572265625,168.37335205078125
