itr,time,loss,theta,phi,gamma,bx,by,bz
0,1.0638442365452647,-0.7948062419891357,3.5525429248809814,0.04978137090802193,1.518129587173462,169.70120239257812,150.6737823486328,167.1388702392578
1,1.0180011037737131,-0.8135707974433899,3.4853336811065674,0.13252241909503937,1.581660509109497,169.3086395263672,154.6988525390625,165.94464111328125
2,1.048735897988081,-0.9478186964988708,3.164469003677368,0.0641552209854126,1.569678544998169,167.329833984375,177.34249877929688,159.25401306152344
3,1.0859318794682622,-0.9499889612197876,3.1817843914031982,0.09089121222496033,1.5680314302444458,167.85061645507812,178.80494689941406,159.10638427734375
4,1.141836610622704,-0.9975664019584656,3.1453020572662354,0.005672533065080643,1.5702252388000488,180.32196044921875,179.58688354492188,163.54954528808594
