itr,time,loss,theta,phi,gamma,bx,by,bz
0,0.9736721599474549,-0.8453031182289124,3.102557897567749,-0.05281805992126465,1.6015342473983765,161.4697265625,193.87008666992188,188.9168243408203
1,1.0142581425607204,-0.8561679720878601,3.0590097904205322,-0.0197023693472147,1.659186840057373,163.14659118652344,191.91893005371094,187.1912078857422
2,1.1136575490236282,-0.9156960844993591,3.329479455947876,0.013487995602190495,1.6409251689910889,173.06932067871094,181.24072265625,177.05433654785156
3,1.124220810830593,-0.9793981313705444,3.1643433570861816,-0.013353127986192703,1.5642387866973877,177.18145751953125,177.2082977294922,172.88583374023438
4,1.1422942485660315,-0.9833131432533264,3.196213722229004,-0.015344344079494476,1.5849623680114746,179.72572326660156,176.65078735351562,169.7283172607422
5,1.1730185793712735,-0.9989714622497559,3.1389853954315186,-0.0032078067306429148,1.5710864067077637,180.7510986328125,180.215576171875,167.52394104003906
