itr,time,loss,theta,phi,gamma,bx,by,bz
0,0.9686350729316473,-0.7674063444137573,2.9205636978149414,-0.05342155694961548,1.6514801979064941,165.49380493164062,208.11343383789062,196.42568969726562
1,0.9922427516430616,-0.7708487510681152,2.8463478088378906,-0.05998662859201431,1.68027663230896,165.85569763183594,206.8557891845703,195.62351989746094
2,1.0683571472764015,-0.965721070766449,3.1399519443511963,0.0022577475756406784,1.5456862449645996,177.27137756347656,175.43576049804688,173.86334228515625
3,1.1111570857465267,-0.9846417903900146,3.1494784355163574,-0.017384404316544533,1.5772227048873901,180.0562744140625,176.51095581054688,169.0340118408203
