itr,time,loss,theta,phi,gamma,bx,by,bz
0,0.9826923552900553,-0.8250641226768494,3.373339891433716,0.13627979159355164,1.5284361839294434,176.3057098388672,161.9412384033203,137.52267456054688
1,1.0232449853792787,-0.8328596353530884,3.283245325088501,0.09077921509742737,1.5164530277252197,175.86669921875,163.35324096679688,138.98573303222656
2,1.05964021012187,-0.9578161835670471,3.1549980640411377,0.07180384546518326,1.5687720775604248,170.64529418945312,180.9808807373047,157.31776428222656
3,1.091915724799037,-0.9693800806999207,3.1739068031311035,0.018972011283040047,1.6000850200653076,173.385986328125,179.7357940673828,158.92523193359375
