itr,time,loss,theta,phi,gamma,bx,by,bz
0,1.0475274007767439,-0.8382745981216431,-31.27997589111328,-9.548786163330078,136.51136779785156,155.3865203857422,163.564208984375,161.07373046875
1,0.9879067884758115,-0.8585891127586365,-31.285673141479492,-9.550622940063477,136.61404418945312,155.40052795410156,163.5771484375,161.0721435546875
2,1.0785799073055387,-0.9314615726470947,-31.362140655517578,-9.448004722595215,136.7340087890625,167.10989379882812,179.33074951171875,160.37635803222656
3,1.088600642979145,-0.9630494117736816,-31.418203353881836,-9.465968132019043,136.667236328125,171.82412719726562,183.7147216796875,160.32852172851562
4,1.0724483551457524,-0.9970896244049072,-31.41348648071289,-9.432878494262695,136.6578369140625,180.26144409179688,179.6680450439453,163.2257843017578
5,1.1212273798882961,-0.9985141158103943,-31.420272827148438,-9.428489685058594,136.6662139892578,180.26187133789062,179.79934692382812,164.88705444335938
