itr,time,loss,theta,phi,gamma,bx,by,bz
0,0.9870342621579766,-0.8484553694725037,3.2320501804351807,-0.03594996780157089,1.533379316329956,163.6335906982422,169.1672821044922,188.85977172851562
1,0.9697055276483297,-0.8485771417617798,3.2291104793548584,-0.03754376247525215,1.530568242073059,163.63528442382812,169.17022705078125,188.8569793701172
2,1.0082158222794533,-0.9353049397468567,3.07780122756958,-0.04714537411928177,1.5268259048461914,170.85755920410156,182.3036651611328,177.7428436279297
3,1.0415450632572174,-0.9517276883125305,3.082606554031372,0.045672714710235596,1.5664092302322388,173.369873046875,185.6056365966797,174.30096435546875
4,1.0879977699369192,-0.9654082655906677,3.144981622695923,-0.022094715386629105,1.5891646146774292,174.09495544433594,184.37509155273438,174.03848266601562
5,1.1248408621177077,-0.9961212873458862,3.162161111831665,-0.0023658601567149162,1.5714502334594727,181.66885375976562,180.09088134765625,167.74388122558594
6,0.37678544130176306,-0.9979121685028076,3.1368515491485596,-0.004900471307337284,1.5715621709823608,180.87490844726562,180.39356994628906,168.4221649169922
