itr,time,loss,theta,phi,gamma,bx,by,bz
0,0.9987584846094251,-0.789150595664978,3.5479509830474854,0.06879650056362152,1.5401625633239746,183.2366943359375,152.08961486816406,153.37826538085938
1,1.0466135060414672,-0.8075277209281921,3.5995635986328125,0.059032414108514786,1.5994253158569336,181.4944610595703,155.0985870361328,153.7978515625
2,1.1877220822498202,-0.9374292492866516,3.274153232574463,0.07969705015420914,1.5132689476013184,171.91494750976562,172.07078552246094,155.8024444580078
3,1.0596204986795783,-0.9509005546569824,3.1904728412628174,0.06310370564460754,1.5658036470413208,169.9801483154297,175.5318145751953,156.23068237304688
4,1.1484092064201832,-0.9699769020080566,3.0789952278137207,0.024902749806642532,1.588823676109314,176.19532775878906,178.41822814941406,160.07333374023438
5,1.1598067209124565,-0.9960138201713562,3.1399576663970947,0.008500836789608002,1.569320559501648,180.3887176513672,180.21771240234375,162.7549285888672
