itr,time,loss,theta,phi,gamma,bx,by,bz
0,0.9653332810848951,-0.9106771349906921,3.2152411937713623,0.05427085608243942,1.6049695014953613,168.3109130859375,184.881103515625,150.1065216064453
1,1.0511067686602473,-0.9731317162513733,3.1824800968170166,0.031054692342877388,1.5599359273910522,174.95547485351562,175.1961669921875,159.73646545410156
2,1.0688078859820962,-0.9981113076210022,3.1392743587493896,0.001714827842079103,1.5707281827926636,181.13995361328125,179.73329162597656,164.72654724121094
