itr,time,loss,theta,phi,gamma,bx,by,bz
0,0.9505950240418315,-0.8648714423179626,3.193718194961548,0.08265797793865204,1.5501071214675903,151.3182373046875,176.2247314453125,172.53321838378906
1,0.9902177043259144,-0.8708788156509399,3.248931884765625,0.08537042886018753,1.5647915601730347,152.81993103027344,176.5774688720703,171.98477172851562
2,1.095128950662911,-0.9893187284469604,3.1299257278442383,0.014792677946388721,1.578716516494751,178.0000762939453,182.3307342529297,162.8268280029297
3,1.095206705853343,-0.9953205585479736,3.1569812297821045,0.018776675686240196,1.5791854858398438,178.6039276123047,180.27481079101562,163.9068603515625
4,0.6778509775176644,-0.9983413815498352,3.1468260288238525,0.004527462646365166,1.5700963735580444,179.70562744140625,179.4569549560547,164.13827514648438
