itr,time,loss,theta,phi,gamma,bx,by,bz
0,1.1215389277786016,-0.8474355340003967,3.250070095062256,0.1953873634338379,1.5876871347427368,154.5050506591797,173.4389190673828,142.48486328125
1,1.0713646281510592,-0.9941171407699585,3.1284775733947754,-0.019298631697893143,1.5854277610778809,178.80006408691406,180.52029418945312,169.24148559570312
