itr,time,loss,theta,phi,gamma,bx,by,bz
0,1.0788545859977603,-0.9211422801017761,3.1702628135681152,0.020954040810465813,1.5700350999832153,162.1558380126953,180.67086791992188,173.0983428955078
1,1.0601932359859347,-0.9648098349571228,3.1708662509918213,0.08396994322538376,1.5823850631713867,173.88134765625,180.8650360107422,169.7151641845703
