itr,time,loss,theta,phi,gamma,bx,by,bz
0,1.0602529561147094,-0.7762532234191895,2.9383814334869385,0.20375515520572662,1.6075191497802734,153.88230895996094,209.4297637939453,148.2566375732422
1,1.0606446554884315,-0.7763023376464844,2.9383668899536133,0.20476315915584564,1.608123779296875,153.88661193847656,209.4224090576172,148.26060485839844
2,1.1609526639804244,-0.896364152431488,2.9464921951293945,0.10573584586381912,1.4282803535461426,171.4226837158203,179.3226318359375,163.06576538085938
3,1.163716334849596,-0.9868771433830261,3.1751110553741455,0.017728131264448166,1.5669358968734741,176.01612854003906,177.33888244628906,163.20591735839844
4,1.089727958664298,-0.9972907900810242,3.145301342010498,0.007708745077252388,1.5683821439743042,180.03509521484375,179.5597381591797,163.3292999267578
