itr,time,loss,theta,phi,gamma,bx,by,bz
0,1.01472211163491,-0.8493478298187256,3.200942039489746,-0.07148996740579605,1.5407706499099731,166.2996063232422,173.9956512451172,194.9222412109375
1,1.070450416766107,-0.9488784670829773,3.1195335388183594,-0.03212274983525276,1.5958994626998901,175.41566467285156,186.97494506835938,177.74188232421875
2,1.091224960051477,-0.950864315032959,3.069906711578369,-0.021705415099859238,1.5830185413360596,176.0916748046875,187.69618225097656,176.53956604003906
3,1.1473088394850492,-0.9584239721298218,3.0644023418426514,-0.014956330880522728,1.5606348514556885,175.78440856933594,184.29196166992188,177.80201721191406
4,1.2458043498918414,-0.9934622645378113,3.1024792194366455,0.006370343267917633,1.5658700466156006,181.4879913330078,180.88909912109375,169.22132873535156
5,0.6902832295745611,-0.9961705803871155,3.134157419204712,-0.010229350998997688,1.5725444555282593,181.72344970703125,180.48350524902344,168.68478393554688
