itr,time,loss,theta,phi,gamma,bx,by,bz
0,1.1136571457609534,-0.8256250023841858,3.1715047359466553,-0.08985155075788498,1.5231117010116577,186.17398071289062,170.45968627929688,195.64071655273438
1,1.0273985881358385,-0.8769406080245972,2.8713607788085938,0.030795838683843613,1.4989607334136963,183.05618286132812,179.64501953125,189.22557067871094
2,1.1517008151859045,-0.938391387462616,3.0826470851898193,-0.05179144814610481,1.5899884700775146,181.16744995117188,185.45741271972656,185.11532592773438
3,1.05385563056916,-0.9703122973442078,3.2348058223724365,-0.027232609689235687,1.5929280519485474,179.9840545654297,179.8646240234375,174.8266143798828
4,1.1611484261229634,-0.9979349374771118,3.1456410884857178,0.0018205905798822641,1.569577693939209,178.32089233398438,179.75477600097656,166.8951873779297
