itr,time,loss,theta,phi,gamma,bx,by,bz
0,0.9669403657317162,-0.8433524370193481,3.347759246826172,0.15204621851444244,1.5289438962936401,169.75643920898438,160.86795043945312,141.84156799316406
1,1.0442014951258898,-0.8813438415527344,3.3507328033447266,0.20647045969963074,1.5640919208526611,169.9757080078125,167.78964233398438,147.3710479736328
2,1.0749071100726724,-0.9590989947319031,3.1679282188415527,0.05050359293818474,1.5452744960784912,171.42564392089844,182.46424865722656,160.13851928710938
3,1.1323943939059973,-0.9668392539024353,3.144946336746216,0.046109672635793686,1.5823726654052734,171.76568603515625,181.7982940673828,159.9324188232422
