itr,time,loss,theta,phi,gamma,bx,by,bz
0,0.982791262678802,-0.8421913981437683,2.7895634174346924,0.0038171103224158287,1.5875154733657837,184.31727600097656,201.5803680419922,185.5010528564453
1,1.0163426706567407,-0.8806658983230591,3.0730292797088623,-0.17548194527626038,1.5790107250213623,183.03826904296875,192.04151916503906,182.88021850585938
2,1.0618406292051077,-0.9662439227104187,3.1282169818878174,-0.03357717767357826,1.5747548341751099,181.33033752441406,179.88241577148438,179.0999298095703
3,1.0639135772362351,-0.975915789604187,3.1389973163604736,-0.05307626351714134,1.557337999343872,180.5963592529297,180.03265380859375,175.84429931640625
4,0.9813105007633567,-0.9986168742179871,3.1429333686828613,0.0009251247975043952,1.5709559917449951,178.64859008789062,180.0478515625,166.78187561035156
