itr,time,loss,theta,phi,gamma,bx,by,bz
0,1.0011465409770608,-0.8611087799072266,3.2214748859405518,-0.06070922687649727,1.5472793579101562,171.37522888183594,171.78829956054688,192.5651092529297
1,0.3037110008299351,-0.8611328601837158,3.223006010055542,-0.05988059565424919,1.546717643737793,171.37564086914062,171.79026794433594,192.5634765625
2,1.032314395532012,-0.8922358155250549,3.0806941986083984,-0.018422042950987816,1.552890419960022,172.32476806640625,175.7671356201172,188.97923278808594
3,1.0822370303794742,-0.9507539868354797,3.1020007133483887,-0.021684909239411354,1.5689254999160767,175.0142059326172,185.26161193847656,179.5771942138672
4,0.9847206147387624,-0.9969632625579834,3.1367485523223877,-0.0065587847493588924,1.5721468925476074,181.61260986328125,180.4486541748047,168.19581604003906
