itr,time,loss,theta,phi,gamma,bx,by,bz
0,1.1777740325778723,-0.8200675845146179,3.3968894481658936,0.1616358757019043,1.5206443071365356,168.1095733642578,157.01043701171875,140.3268280029297
1,1.0857733730226755,-0.8204503655433655,3.3987059593200684,0.17448844015598297,1.5274016857147217,168.10745239257812,157.0553741455078,140.36459350585938
2,1.1859926227480173,-0.848922073841095,3.4988975524902344,0.16180631518363953,1.6573060750961304,167.886962890625,164.99143981933594,146.56411743164062
3,1.1422332348302007,-0.9512953758239746,3.1560394763946533,0.06293730437755585,1.5777398347854614,168.07077026367188,181.562744140625,159.5679168701172
4,1.1485997335985303,-0.9864381551742554,3.221865653991699,-0.012443134561181068,1.5626404285430908,178.55226135253906,179.9033966064453,164.44024658203125
