itr,time,loss,theta,phi,gamma,bx,by,bz
0,0.961224059574306,-0.9356245994567871,3.2344350814819336,0.057409290224313736,1.5487971305847168,171.2148895263672,169.84471130371094,156.9438934326172
1,1.036660903133452,-0.9803812503814697,3.1991891860961914,0.023162350058555603,1.581940770149231,175.5029754638672,178.77569580078125,160.1343536376953
2,1.0299398796632886,-0.9863566160202026,3.1416146755218506,0.019770527258515358,1.5740900039672852,176.73046875,181.279052734375,161.045654296875
3,1.1158486744388938,-0.9963775277137756,3.1206235885620117,0.008210653439164162,1.561174750328064,179.91847229003906,179.8681182861328,163.8403778076172
4,1.118744509294629,-0.9987127780914307,3.1425797939300537,0.002388251945376396,1.5710707902908325,180.63818359375,179.91244506835938,164.58087158203125
5,0.4084971947595477,-0.9987198710441589,3.1432924270629883,0.002701577264815569,1.571279764175415,180.61749267578125,179.956298828125,164.57904052734375
