itr,time,loss,theta,phi,gamma,bx,by,bz
0,0.9310517245903611,-0.8446193337440491,3.1254522800445557,0.005518096033483744,1.6066195964813232,154.05735778808594,193.12481689453125,180.74777221679688
1,0.9091670075431466,-0.8623946905136108,3.3016200065612793,-0.0001499578356742859,1.6286675930023193,159.50941467285156,188.8727569580078,178.2545623779297
2,0.939226221293211,-0.9589285850524902,3.1565539836883545,0.032671332359313965,1.6122075319290161,173.8600616455078,177.5366973876953,171.9470977783203
3,0.5322885327041149,-0.9800757765769958,3.1693289279937744,-0.0015036282129585743,1.5590115785598755,176.0225372314453,176.64901733398438,170.76744079589844
