itr,time,loss,theta,phi,gamma,bx,by,bz
0,1.0382408974692225,-0.7985182404518127,2.75860857963562,0.1761009395122528,1.5743707418441772,174.76113891601562,210.5593719482422,153.0279083251953
1,1.0211140513420105,-0.8391220569610596,2.707763433456421,0.2408636510372162,1.3900904655456543,173.5701446533203,194.06280517578125,157.688720703125
2,1.091008729301393,-0.8552289009094238,2.690833568572998,0.1712152063846588,1.4781585931777954,173.28297424316406,186.72523498535156,159.60609436035156
3,1.0760977640748024,-0.8578507304191589,2.7082571983337402,0.13594093918800354,1.4820221662521362,173.51043701171875,188.8279266357422,159.06187438964844
4,1.112079693004489,-0.9921958446502686,3.103609561920166,-0.010338729247450829,1.5719528198242188,182.8810272216797,180.92617797851562,168.16262817382812
