itr,time,loss,theta,phi,gamma,bx,by,bz
0,0.9688004534691572,-0.8932084441184998,2.895745038986206,-0.005301188211888075,1.5808335542678833,182.9803009033203,196.52549743652344,174.2325897216797
1,1.0203426405787468,-0.992140531539917,3.127868890762329,-0.005995618179440498,1.5730280876159668,179.4527130126953,180.3070068359375,171.57681274414062
2,1.029826594516635,-0.9924498796463013,3.1385602951049805,-0.011956560425460339,1.571733832359314,179.47683715820312,180.37205505371094,171.53680419921875
3,1.1091037346050143,-0.9978246092796326,3.1684393882751465,-0.0006052120588719845,1.5674546957015991,180.0627899169922,179.09722900390625,166.8872833251953
