itr,time,loss,theta,phi,gamma,bx,by,bz
0,1.363596810027957,-0.9071331024169922,3.1795310974121094,0.1170724406838417,1.600124716758728,160.6125030517578,182.66319274902344,154.74778747558594
1,0.9951897924765944,-0.9691407680511475,3.0826759338378906,-0.00863005593419075,1.5319695472717285,176.3092803955078,178.750732421875,161.89012145996094
2,1.0669327769428492,-0.9952218532562256,3.16091251373291,0.009793763980269432,1.5706584453582764,179.78590393066406,178.12875366210938,163.5518341064453
3,1.016473132185638,-0.9988905787467957,3.1413838863372803,0.0025556213222444057,1.571028470993042,180.39060974121094,180.0601043701172,164.5931854248047
