itr,time,loss,theta,phi,gamma,bx,by,bz
0,0.9544541370123625,-0.7862751483917236,3.027212142944336,0.18588878214359283,1.610679268836975,190.331298828125,168.2548370361328,138.28546142578125
1,1.0095077557489276,-0.7930761575698853,3.130631685256958,0.16798651218414307,1.5969696044921875,190.28895568847656,168.2897186279297,138.29824829101562
2,1.0153074627742171,-0.7987762689590454,3.1963348388671875,0.11634671688079834,1.5836161375045776,190.0023651123047,168.5738983154297,138.478759765625
3,1.0475524868816137,-0.8975726366043091,3.3693435192108154,0.10596565157175064,1.5533427000045776,181.3703155517578,177.16748046875,144.66964721679688
4,1.1239622682332993,-0.9404256343841553,3.145369291305542,0.07544811069965363,1.5747019052505493,175.75369262695312,182.2027587890625,149.50877380371094
5,1.1429261406883597,-0.9842367172241211,3.157067060470581,0.016651511192321777,1.5856491327285767,175.6324005126953,177.87155151367188,162.99681091308594
6,1.203259794972837,-0.9921135306358337,3.1421139240264893,0.004113411530852318,1.5670890808105469,177.14373779296875,179.2364501953125,162.96258544921875
