itr,time,loss,theta,phi,gamma,bx,by,bz
0,1.0114497756585479,-0.7478813529014587,3.6504900455474854,-0.01603667251765728,1.5702643394470215,193.90789794921875,158.3636016845703,184.11024475097656
1,1.0195240685716271,-0.7480558156967163,3.6536853313446045,-0.016078365966677666,1.5758787393569946,193.89871215820312,158.3766632080078,184.10519409179688
2,1.091973690316081,-0.7513877153396606,3.6167337894439697,-0.038363005965948105,1.569517970085144,193.5662078857422,158.857666015625,183.91029357910156
3,1.1362115498632193,-0.7805019617080688,3.658207893371582,-0.11952086538076401,1.6385715007781982,189.49209594726562,164.6279296875,181.67889404296875
4,1.0926328487694263,-0.8741663694381714,3.145296812057495,-0.14376886188983917,1.685213565826416,182.95921325683594,173.8157958984375,177.95155334472656
5,1.143197288736701,-0.9836522936820984,3.136960983276367,-0.02375629171729088,1.5736932754516602,179.03033447265625,180.7220458984375,174.61668395996094
