itr,time,loss,theta,phi,gamma,bx,by,bz
0,0.9982600351795554,-0.969818651676178,3.1679835319519043,0.006078553851693869,1.5565268993377686,172.24234008789062,178.1963348388672,171.73626708984375
1,1.012576650828123,-0.9971933364868164,3.1308205127716064,-0.005222158040851355,1.5739030838012695,179.7816162109375,181.1576385498047,168.5765380859375
