itr,time,loss,theta,phi,gamma,bx,by,bz
0,0.9854210214689374,-0.8480157256126404,3.2275264263153076,0.027957521378993988,1.5392816066741943,151.85513305664062,174.36517333984375,180.36830139160156
1,1.0071537028998137,-0.8674761652946472,3.3362486362457275,-0.08288435637950897,1.5390421152114868,157.00064086914062,176.75363159179688,177.33457946777344
2,1.0653000874444842,-0.9734541773796082,3.1097729206085205,0.009696908295154572,1.5825467109680176,175.4355010986328,185.4498748779297,166.9436492919922
