itr,time,loss,theta,phi,gamma,bx,by,bz
0,0.9664896121248603,-0.8653870820999146,3.219911575317383,0.18202002346515656,1.5789035558700562,152.9842529296875,175.17437744140625,150.08961486816406
1,1.0534554366022348,-0.8676144480705261,3.277998208999634,0.11221474409103394,1.5848666429519653,154.26332092285156,175.43885803222656,150.77052307128906
2,1.030682341195643,-0.9868755340576172,3.173102617263794,0.011903585866093636,1.6064636707305908,178.90586853027344,180.72134399414062,164.1758270263672
3,1.1021484322845936,-0.9988319873809814,3.1271352767944336,0.003782203420996666,1.567751169204712,180.28692626953125,180.18328857421875,165.19601440429688
