itr,time,loss,theta,phi,gamma,bx,by,bz
0,0.9596597356721759,-0.7815647125244141,2.9633781909942627,0.06681863963603973,1.6520358324050903,155.0100555419922,210.86178588867188,175.00439453125
1,0.9907503696158528,-0.784565806388855,3.028573513031006,0.044242698699235916,1.6349259614944458,155.44998168945312,209.85009765625,174.75274658203125
2,1.0694057196378708,-0.9322559237480164,3.3311269283294678,0.07871842384338379,1.6017658710479736,169.58497619628906,177.47509765625,167.18666076660156
3,1.0732767060399055,-0.9651098251342773,3.15570068359375,0.02236074209213257,1.537556767463684,170.65969848632812,179.45240783691406,167.67892456054688
