itr,time,loss,theta,phi,gamma,bx,by,bz
0,1.0291268900036812,-0.7796963453292847,2.7233774662017822,-0.03252628073096275,1.5904295444488525,198.78526306152344,194.77560424804688,157.4183807373047
1,1.0980081669986248,-0.8136889934539795,2.5832133293151855,0.06802484393119812,1.5708613395690918,198.68878173828125,194.71676635742188,157.47511291503906
2,1.0801162598654628,-0.8289890289306641,2.641425371170044,0.13681994378566742,1.6191450357437134,196.27841186523438,193.13848876953125,158.83055114746094
3,1.1220730924978852,-0.9180581569671631,2.8709750175476074,0.15044984221458435,1.512320637702942,179.25538635253906,182.13812255859375,167.5211639404297
4,1.1277432451024652,-0.9935235977172852,3.127105951309204,-0.00029947914299555123,1.5739474296569824,178.24603271484375,182.12762451171875,167.840087890625
5,1.1697393050417304,-0.9971399903297424,3.108586072921753,-1.143082045018673e-06,1.5754836797714233,179.9732666015625,180.94541931152344,167.47213745117188
