itr,time,loss,theta,phi,gamma,bx,by,bz
0,1.4061431335285306,-0.847935140132904,3.119765281677246,0.16125929355621338,1.6265735626220703,157.1925506591797,192.19967651367188,146.99159240722656
1,1.0755159994587302,-0.8484259843826294,3.114755153656006,0.1714904010295868,1.639234185218811,157.20553588867188,192.18614196777344,147.00473022460938
2,1.0666879685595632,-0.8953225612640381,3.2882065773010254,0.11286843568086624,1.7115380764007568,166.54258728027344,182.60809326171875,156.3423309326172
3,1.071986329741776,-0.9741367101669312,3.1783547401428223,0.029530834406614304,1.5552140474319458,173.90878295898438,175.13229370117188,163.42723083496094
