itr,time,loss,theta,phi,gamma,bx,by,bz
0,0.9156604763120413,-0.8789936304092407,3.275207281112671,0.05105208978056908,1.5199947357177734,163.29025268554688,163.53318786621094,167.440673828125
1,0.996906029060483,-0.8793027400970459,3.2814512252807617,0.05529622733592987,1.513891577720642,163.32139587402344,163.59263610839844,167.42532348632812
2,0.9631957076489925,-0.9755281805992126,3.1520533561706543,0.03919976204633713,1.5773146152496338,172.86122131347656,181.8753204345703,163.1501922607422
3,0.9873338341712952,-0.9914102554321289,3.131848096847534,-0.010596963576972485,1.5880687236785889,177.40711975097656,179.77792358398438,164.58724975585938
