itr,time,loss,theta,phi,gamma,bx,by,bz
0,0.9467140315100551,-0.9704405069351196,3.1650712490081787,0.004884902387857437,1.5635818243026733,171.78836059570312,178.89134216308594,170.75820922851562
1,0.9399007428437471,-0.9981689453125,3.1386101245880127,-0.0014902143739163876,1.5728386640548706,179.72117614746094,180.82546997070312,168.06350708007812
