itr,time,loss,theta,phi,gamma,bx,by,bz
0,1.1769747687503695,-0.8585937023162842,2.9420204162597656,0.04619082435965538,1.6236817836761475,170.5843505859375,201.5475616455078,173.16221618652344
1,0.9270692616701126,-0.8594211935997009,2.940415859222412,0.06484859436750412,1.637949824333191,170.65040588378906,201.1777801513672,173.09072875976562
2,0.9681170452386141,-0.9772757291793823,3.219373941421509,0.009604229591786861,1.5816679000854492,174.41140747070312,180.18809509277344,169.05545043945312
3,1.0080408910289407,-0.9891601204872131,3.1612040996551514,-0.013531590811908245,1.5833784341812134,176.39639282226562,179.0849609375,168.26597595214844
