itr,time,loss,theta,phi,gamma,bx,by,bz
0,0.9481889847666025,-0.7804018259048462,2.6018781661987305,0.12283527851104736,1.6221587657928467,197.1969451904297,205.08558654785156,181.498779296875
1,1.0342100458219647,-0.9305149912834167,2.9730169773101807,-0.02300502359867096,1.5685006380081177,178.76702880859375,180.0583953857422,182.04286193847656
2,0.9385227896273136,-0.9580528140068054,3.1259968280792236,-0.04047519341111183,1.579672932624817,179.95706176757812,181.99168395996094,181.68592834472656
3,0.9598298957571387,-0.9784505367279053,3.1886343955993652,-0.034112609922885895,1.5606141090393066,176.92144775390625,182.27195739746094,172.43650817871094
4,0.9880013298243284,-0.9881832003593445,3.1324172019958496,-0.0014354076702147722,1.5830479860305786,176.24554443359375,181.79920959472656,168.85386657714844
