itr,time,loss,theta,phi,gamma,bx,by,bz
0,0.9302924871444702,-0.8016092777252197,3.4590320587158203,-0.007612030953168869,1.5411697626113892,178.41067504882812,156.940673828125,179.1044921875
1,0.9614291628822684,-0.9742872714996338,3.152259349822998,0.018487097695469856,1.5674452781677246,172.11619567871094,179.10646057128906,168.88356018066406
2,0.9595473119989038,-0.9854385256767273,3.160358428955078,0.017270728945732117,1.5325396060943604,177.68759155273438,178.3167724609375,168.47923278808594
