itr,time,loss,theta,phi,gamma,bx,by,bz
0,0.9492091778665781,-0.7971910834312439,2.3584468364715576,0.31264299154281616,1.4703353643417358,188.5568084716797,205.33331298828125,156.71511840820312
1,0.9702617172151804,-0.7981975674629211,2.3753151893615723,0.29245489835739136,1.48756742477417,188.55210876464844,205.32862854003906,156.7158660888672
2,1.0075155133381486,-0.8224642276763916,2.4776971340179443,0.19956129789352417,1.5285570621490479,183.1100311279297,199.189208984375,157.10775756835938
3,1.0288534788414836,-0.835506021976471,2.426196336746216,0.22470751404762268,1.429112195968628,182.25538635253906,197.880615234375,157.39889526367188
4,1.109338435344398,-0.8425287008285522,2.477226495742798,0.23457223176956177,1.427953839302063,179.13673400878906,194.01959228515625,157.84085083007812
5,1.0732210474088788,-0.8487471342086792,2.5547945499420166,0.22317050397396088,1.4163533449172974,181.60812377929688,193.93923950195312,159.53977966308594
6,1.0586360404267907,-0.918152391910553,3.1747162342071533,-0.08703751116991043,1.448304295539856,182.03082275390625,177.9779510498047,170.1898193359375
7,0.7429540520533919,-0.9989116191864014,3.1344377994537354,-0.002310791052877903,1.5719441175460815,180.40992736816406,179.9676513671875,167.70204162597656
