itr,time,loss,theta,phi,gamma,bx,by,bz
0,0.9546529091894627,-0.8509504795074463,3.2596075534820557,0.06917726248502731,1.511661171913147,157.7459259033203,161.74557495117188,169.32460021972656
1,0.9507297165691853,-0.8509935140609741,3.259723663330078,0.07172548770904541,1.5103510618209839,157.74822998046875,161.74937438964844,169.32337951660156
2,0.9861384313553572,-0.9226758480072021,3.071471691131592,0.03539722412824631,1.5968230962753296,166.2314910888672,175.47267150878906,164.47930908203125
3,0.9777369312942028,-0.967376708984375,3.1270196437835693,-0.016267307102680206,1.5896540880203247,172.9543914794922,183.19676208496094,163.2305908203125
4,1.0028109028935432,-0.9861326813697815,3.126657724380493,0.032851461321115494,1.5604724884033203,176.42279052734375,182.23709106445312,166.62864685058594
5,0.9598447317257524,-0.9989603161811829,3.1455154418945312,0.002116152551025152,1.5710351467132568,180.10269165039062,180.14146423339844,167.73800659179688
