itr,time,loss,theta,phi,gamma,bx,by,bz
0,1.119118028320372,-0.8317801356315613,2.993032693862915,0.16426758468151093,1.6118777990341187,174.59104919433594,193.56654357910156,139.32955932617188
1,1.0506440261378884,-0.9077619910240173,3.258557081222534,0.13851916790008545,1.5986818075180054,172.85867309570312,185.8882598876953,149.17111206054688
2,1.0926912315189838,-0.9649822115898132,3.1724390983581543,0.0522572323679924,1.5680298805236816,171.1947784423828,177.36073303222656,159.57472229003906
3,1.1371376449242234,-0.997758150100708,3.1498258113861084,0.004021680448204279,1.5699188709259033,180.47666931152344,179.1239776611328,164.13107299804688
4,0.29378167167305946,-0.9977608323097229,3.1502859592437744,0.003976754378527403,1.5703389644622803,180.454833984375,179.17959594726562,164.0477294921875
