itr,time,loss,theta,phi,gamma,bx,by,bz
0,0.9769022818654776,-0.8993505835533142,3.199930191040039,0.11279895156621933,1.5637767314910889,157.58572387695312,175.2395477294922,159.9464569091797
1,0.9678690694272518,-0.9014165997505188,3.2692530155181885,0.10451307892799377,1.549834132194519,158.94313049316406,175.8411102294922,160.1288299560547
2,0.9757532244548202,-0.9930371046066284,3.144320487976074,0.010520219802856445,1.5725960731506348,179.0559539794922,181.4955291748047,162.83541870117188
3,0.942186894826591,-0.9983336925506592,3.147246837615967,0.004614271689206362,1.5682460069656372,180.16062927246094,179.4548797607422,164.1766357421875
