itr,time,loss,theta,phi,gamma,bx,by,bz
0,0.9574467297643423,-0.9466071128845215,3.165539026260376,0.042593203485012054,1.563050627708435,186.66714477539062,175.97666931152344,155.30015563964844
1,1.0153714902698994,-0.98529052734375,3.144909620285034,0.029057350009679794,1.5680298805236816,180.28567504882812,180.8332977294922,159.09844970703125
2,1.0250535551458597,-0.9860324859619141,3.132460832595825,0.017630061134696007,1.5651168823242188,180.2584228515625,180.76449584960938,159.23345947265625
3,1.0319836400449276,-0.9966628551483154,3.1344199180603027,0.00393793685361743,1.5686625242233276,178.41957092285156,179.31036376953125,164.3729248046875
4,1.0779927000403404,-0.9986939430236816,3.141204595565796,0.003373611019924283,1.5636693239212036,179.47642517089844,179.69178771972656,164.951416015625
