itr,time,loss,theta,phi,gamma,bx,by,bz
0,0.9808964906260371,-0.8305968642234802,3.2521111965179443,0.08020774275064468,1.5229921340942383,195.1546173095703,187.81703186035156,148.7369384765625
1,0.9957102378830314,-0.9198178648948669,2.9697041511535645,0.08458460122346878,1.614538311958313,187.61378479003906,182.50563049316406,152.89808654785156
2,1.0347598902881145,-0.9799906015396118,3.176269769668579,0.030181284993886948,1.5583975315093994,179.28372192382812,177.15431213378906,157.56570434570312
3,1.2166648786514997,-0.9933586716651917,3.141101837158203,0.01174881774932146,1.570207953453064,177.94061279296875,180.62417602539062,162.6866455078125
