itr,time,loss,theta,phi,gamma,bx,by,bz
0,0.9702743580564857,-0.8919898271560669,2.9524543285369873,0.07345359772443771,1.5969358682632446,177.83909606933594,194.87673950195312,155.54676818847656
1,1.011031437665224,-0.9015244841575623,2.9130632877349854,0.07493536919355392,1.5997087955474854,177.47494506835938,192.83285522460938,156.43154907226562
2,1.043724243529141,-0.9860262274742126,3.156719207763672,0.023682279512286186,1.5703390836715698,175.21295166015625,179.51541137695312,162.40843200683594
3,1.0462764957919717,-0.9867673516273499,3.119821548461914,0.01765325665473938,1.5744332075119019,176.05844116210938,180.2195281982422,162.34190368652344
4,1.0258459327742457,-0.9925057291984558,3.1381890773773193,0.026141440495848656,1.5869964361190796,178.720947265625,180.4377899169922,163.1669464111328
