itr,time,loss,theta,phi,gamma,bx,by,bz
0,1.1073126355186105,-0.7316551208496094,2.9246606826782227,-0.23018018901348114,1.554648756980896,210.77113342285156,176.6630401611328,191.33062744140625
1,1.0381873194128275,-0.9421303272247314,3.076744318008423,-0.028220979496836662,1.5653668642044067,177.6636505126953,181.5716094970703,184.4091033935547
2,1.0584687050431967,-0.9468579888343811,3.14257550239563,-0.05508553981781006,1.57566499710083,177.46359252929688,181.822265625,183.85040283203125
3,1.1286723967641592,-0.9833700656890869,3.075921058654785,-0.009746527299284935,1.5736747980117798,180.99940490722656,184.16281127929688,170.850341796875
