itr,time,loss,theta,phi,gamma,bx,by,bz
0,1.003343348391354,-0.7999785542488098,3.5217082500457764,0.04958869516849518,1.5330561399459839,181.19473266601562,152.52908325195312,160.0717315673828
1,1.0245215194299817,-0.8025237917900085,3.531759738922119,0.040587328374385834,1.5088714361190796,180.96949768066406,153.1130828857422,159.97862243652344
2,1.0479138949885964,-0.9546423554420471,3.223928213119507,0.09295596182346344,1.5684900283813477,170.80838012695312,177.0548858642578,157.2562713623047
3,1.0262034619227052,-0.9550349116325378,3.2244889736175537,0.08707278966903687,1.5772793292999268,170.6230926513672,177.4794158935547,157.22561645507812
4,1.118773527443409,-0.9869369864463806,3.169968366622925,0.027951784431934357,1.5842781066894531,180.67857360839844,179.0337371826172,160.22073364257812
5,1.1519260685890913,-0.9893248677253723,3.1648125648498535,0.021126482635736465,1.5683088302612305,181.05899047851562,179.75592041015625,160.34759521484375
6,1.2173332711681724,-0.9987245798110962,3.1322808265686035,-0.005239733494818211,1.5708509683609009,179.7790069580078,179.79495239257812,165.0771484375
