itr,time,loss,theta,phi,gamma,bx,by,bz
0,1.077645949088037,-0.9263045787811279,3.1265079975128174,-0.004845405463129282,1.5658538341522217,192.17269897460938,177.6546630859375,160.19041442871094
1,1.0878018466755748,-0.9926111102104187,3.1308369636535645,-0.0007816834840923548,1.5755456686019897,181.06689453125,181.46270751953125,162.62815856933594
2,1.1146900234743953,-0.9976027011871338,3.1607017517089844,0.004475542809814215,1.5677855014801025,179.94456481933594,179.82057189941406,164.00144958496094
