itr,time,loss,theta,phi,gamma,bx,by,bz
0,1.1006395192816854,-0.6762098670005798,3.016448497772217,-0.10814964026212692,1.4828004837036133,202.7067108154297,159.23452758789062,164.33538818359375
1,1.084318053908646,-0.8010038733482361,3.0994598865509033,0.07323933392763138,1.6284295320510864,197.2653350830078,168.9488525390625,166.15834045410156
2,1.122199117206037,-0.957148015499115,3.180008888244629,-0.02102736011147499,1.5780186653137207,188.4697723388672,183.23780822753906,168.39837646484375
3,1.179758564569056,-0.9820564985275269,3.0528440475463867,-0.001324750715866685,1.576802372932434,183.79376220703125,182.99916076660156,168.38938903808594
