itr,time,loss,theta,phi,gamma,bx,by,bz
0,1.116845172829926,-0.7731862664222717,3.0242762565612793,0.015025989152491093,1.6306747198104858,150.92872619628906,207.611572265625,183.341064453125
1,1.1161174280568957,-0.7776813507080078,3.0024516582489014,0.024449991062283516,1.6403988599777222,151.35475158691406,206.9354705810547,183.06625366210938
2,1.1197424530982971,-0.7860669493675232,2.936272621154785,0.03209495544433594,1.686626672744751,153.10472106933594,204.26885986328125,181.93870544433594
3,1.206241238862276,-0.872329831123352,3.152435302734375,-0.00845428928732872,1.748390555381775,167.40797424316406,185.2110595703125,172.8552703857422
4,1.2199764996767044,-0.9661276340484619,3.2925961017608643,0.011893382295966148,1.567528486251831,176.28831481933594,175.2985076904297,167.64999389648438
5,1.2906382819637656,-0.9836331009864807,3.1848466396331787,-0.012983912602066994,1.5520801544189453,175.5027618408203,177.86680603027344,168.5294189453125
