itr,time,loss,theta,phi,gamma,bx,by,bz
0,0.8856080593541265,-0.9271605014801025,3.1835317611694336,0.09345303475856781,1.570409893989563,163.37486267089844,177.90599060058594,157.46871948242188
1,0.9165730513632298,-0.9681471586227417,3.231372117996216,0.0778435468673706,1.6076922416687012,176.1298828125,179.63511657714844,161.60098266601562
2,0.9214582368731499,-0.9978891611099243,3.1445512771606445,0.006195468362420797,1.5682119131088257,180.3179473876953,179.18939208984375,164.1411590576172
