itr,time,loss,theta,phi,gamma,bx,by,bz
0,0.9615740766748786,-0.8531451225280762,2.919459342956543,-0.03340146318078041,1.5569041967391968,195.96377563476562,181.2332763671875,192.0809326171875
1,1.307511986233294,-0.858758270740509,2.7620413303375244,-0.019602233543992043,1.543241024017334,195.831298828125,181.23318481445312,191.9996337890625
2,0.9559125015512109,-0.9046155214309692,3.1256508827209473,-0.08445046842098236,1.6735564470291138,187.07130432128906,186.49063110351562,185.576171875
3,0.9883576976135373,-0.9389697313308716,3.0228114128112793,-0.01136892568320036,1.5711698532104492,182.711669921875,187.37060546875,182.0541534423828
4,0.9763215677812696,-0.9434453845024109,3.030019760131836,-0.044061336666345596,1.5808466672897339,180.6280059814453,187.97093200683594,180.39950561523438
5,0.984536892734468,-0.9675585627555847,3.1375250816345215,-0.04506944864988327,1.6119272708892822,179.4819793701172,183.5314483642578,176.97225952148438
6,1.048188641667366,-0.9875064492225647,3.1452620029449463,-0.0066041648387908936,1.5679972171783447,177.01589965820312,179.11158752441406,171.65536499023438
