itr,time,loss,theta,phi,gamma,bx,by,bz
0,1.0412777224555612,-0.8209565281867981,2.6090893745422363,0.06095318868756294,1.6041778326034546,192.38771057128906,203.9759063720703,171.970458984375
1,1.0417868420481682,-0.8264614939689636,2.60404372215271,0.029447782784700394,1.6054507493972778,191.9743194580078,202.94891357421875,171.9805908203125
2,1.0484420405700803,-0.9595525860786438,2.9979517459869385,0.022391019389033318,1.5859030485153198,182.60044860839844,179.306640625,172.34161376953125
3,1.135993978008628,-0.9874370098114014,3.1352944374084473,-0.019714154303073883,1.5709501504898071,182.67559814453125,180.01885986328125,172.1287078857422
4,1.1562412306666374,-0.9962071776390076,3.1176905632019043,0.00316594704054296,1.5697441101074219,179.16357421875,180.93014526367188,168.71421813964844
