itr,time,loss,theta,phi,gamma,bx,by,bz
0,0.917846592143178,-0.7619733214378357,3.058922529220581,-0.005231352522969246,1.568671464920044,203.04624938964844,175.91824340820312,150.54876708984375
1,0.9193283999338746,-0.8354460597038269,3.0018258094787598,-0.02244115248322487,1.5772957801818848,197.68690490722656,177.2344970703125,152.32484436035156
2,0.9186332607641816,-0.9674628376960754,3.0854055881500244,0.021271735429763794,1.5891095399856567,179.08944702148438,186.4932098388672,162.80052185058594
3,0.9523992147296667,-0.9734241962432861,3.0561835765838623,0.010172754526138306,1.5738776922225952,179.7372283935547,184.94004821777344,161.7254638671875
4,0.9219863880425692,-0.9931824803352356,3.1501522064208984,0.013756589032709599,1.5690150260925293,179.00982666015625,179.9430389404297,161.49244689941406
