itr,time,loss,theta,phi,gamma,bx,by,bz
0,0.9442482609301805,-0.8233691453933716,3.3033952713012695,0.004216636065393686,1.514939308166504,152.87142944335938,166.59939575195312,182.95445251464844
1,0.9835027502849698,-0.9493193030357361,3.092712163925171,0.023407042026519775,1.5803148746490479,168.9290771484375,185.38172912597656,167.91036987304688
2,0.9877693066373467,-0.9565310478210449,3.130190134048462,0.035125285387039185,1.5601118803024292,170.718017578125,185.1434783935547,167.21409606933594
