itr,time,loss,theta,phi,gamma,bx,by,bz
0,0.9457240989431739,-0.8741433620452881,2.8466975688934326,0.0020718940068036318,1.5942975282669067,183.71336364746094,198.30398559570312,180.2652130126953
1,0.9382221894338727,-0.944486677646637,3.1117870807647705,-0.0005648367805406451,1.5046066045761108,181.2618408203125,183.35543823242188,178.27581787109375
2,0.9764382364228368,-0.9723062515258789,3.183612585067749,-0.0473429299890995,1.560694932937622,180.59571838378906,180.66171264648438,176.70108032226562
3,1.009028859436512,-0.9788162112236023,3.135241746902466,-0.021597037091851234,1.5856783390045166,180.3819122314453,180.27684020996094,175.93280029296875
4,1.058509312570095,-0.9989714622497559,3.1427388191223145,0.000998431583866477,1.5707776546478271,178.82484436035156,180.04713439941406,166.54598999023438
