itr,time,loss,theta,phi,gamma,bx,by,bz
0,1.068674273788929,-0.8117639422416687,2.6224825382232666,0.053229790180921555,1.6082725524902344,192.10910034179688,205.6591339111328,175.0364227294922
1,1.0617464734241366,-0.8435450792312622,2.666215181350708,0.13497930765151978,1.654413104057312,187.839111328125,197.3778839111328,175.26016235351562
2,1.140923134982586,-0.8837843537330627,2.6965153217315674,0.13178233802318573,1.4572738409042358,184.00486755371094,187.76263427734375,175.43524169921875
3,1.1838727509602904,-0.9773624539375305,3.1248507499694824,-0.02629818581044674,1.5685707330703735,183.2833251953125,179.91307067871094,175.11648559570312
4,1.1240377221256495,-0.9835925698280334,3.1308906078338623,-0.0006149035762064159,1.5746078491210938,180.8544158935547,180.57766723632812,174.34207153320312
