itr,time,loss,theta,phi,gamma,bx,by,bz
0,0.99572894256562,-0.8675791025161743,3.0384089946746826,-0.06976544111967087,1.5947848558425903,198.3994140625,184.7793426513672,167.15499877929688
1,0.9702827781438828,-0.8734936118125916,3.0992422103881836,-0.13142672181129456,1.6067652702331543,197.59054565429688,184.59683227539062,167.23919677734375
2,1.0489510279148817,-0.9265164732933044,3.163299083709717,-0.03381950780749321,1.4986987113952637,190.10601806640625,181.9155731201172,167.4731903076172
3,1.0744799207895994,-0.974321722984314,3.080488443374634,-0.04042564332485199,1.5419098138809204,180.17779541015625,177.79949951171875,167.7322998046875
4,1.1315184999257326,-0.9972479343414307,3.1588237285614014,0.005452477373182774,1.5645509958267212,179.87994384765625,178.81719970703125,167.51907348632812
