itr,time,loss,theta,phi,gamma,bx,by,bz
0,0.982013869099319,-0.7943004965782166,2.903552293777466,0.20515555143356323,1.620949149131775,170.78732299804688,202.841552734375,139.07965087890625
1,1.1382920481264591,-0.7967594861984253,2.89318585395813,0.2252405732870102,1.6547273397445679,170.70660400390625,202.25595092773438,139.78604125976562
2,1.0697693368420005,-0.9264810085296631,3.288264036178589,0.0878913477063179,1.6290665864944458,169.45526123046875,184.62930297851562,160.85232543945312
3,1.0989997033029795,-0.9655251502990723,3.152092456817627,0.037728674709796906,1.5706712007522583,169.8326873779297,179.68124389648438,164.9416046142578
4,1.0864842645823956,-0.9778846502304077,3.1794605255126953,-0.004269010853022337,1.5446642637252808,174.23634338378906,176.9958038330078,167.71583557128906
