itr,time,loss,theta,phi,gamma,bx,by,bz
0,0.9913435652852058,-0.8534979224205017,3.1622116565704346,-0.07723890990018845,1.5559271574020386,166.77838134765625,178.53305053710938,196.9473419189453
1,0.9813184896484017,-0.8593563437461853,3.209733009338379,-0.0963074341416359,1.5113120079040527,167.63404846191406,179.13597106933594,195.5323944091797
2,1.1060217628255486,-0.9600610136985779,3.0406994819641113,-0.01338817086070776,1.5806447267532349,179.6691436767578,187.10458374023438,175.38467407226562
3,1.0545814139768481,-0.9609583616256714,3.0550618171691895,-0.01951410062611103,1.5801103115081787,180.22238159179688,187.37472534179688,174.4408416748047
4,1.1020964263007045,-0.9807828664779663,3.055539131164551,0.004228751175105572,1.5487842559814453,182.45362854003906,183.2109375,169.28843688964844
