itr,time,loss,theta,phi,gamma,bx,by,bz
0,0.9544383781030774,-0.8441087603569031,3.232017755508423,0.002867983654141426,1.517295479774475,157.319580078125,167.93336486816406,183.05615234375
1,1.0320906694978476,-0.9163592457771301,2.986923933029175,0.008675468154251575,1.5860055685043335,167.51620483398438,179.159423828125,173.97210693359375
2,1.132798558101058,-0.9665859341621399,3.130415439605713,0.0030282950028777122,1.5818891525268555,173.09127807617188,184.86463928222656,170.9705352783203
