itr,time,loss,theta,phi,gamma,bx,by,bz
0,0.9602145254611969,-0.8874375820159912,3.329469680786133,0.049654003232717514,1.5390299558639526,188.2857666015625,169.24778747558594,153.27587890625
1,0.9965067207813263,-0.9057103991508484,3.244594097137451,0.04528667405247688,1.4769209623336792,186.2958221435547,171.61270141601562,153.99388122558594
2,1.1109082624316216,-0.9785314202308655,3.1529769897460938,0.028540436178445816,1.5653808116912842,179.43650817871094,179.8664093017578,156.54713439941406
3,1.1021085791289806,-0.9892030954360962,3.1779799461364746,0.025735778734087944,1.5387035608291626,179.2117919921875,179.02056884765625,162.9232940673828
4,1.1528060110285878,-0.9984043836593628,3.1487693786621094,0.006216993555426598,1.5678019523620605,178.8207244873047,179.18817138671875,165.8087615966797
