itr,time,loss,theta,phi,gamma,bx,by,bz
0,1.029770308174193,-0.8154356479644775,2.559593677520752,0.042726267129182816,1.5972555875778198,198.67877197265625,200.9683074951172,178.80699157714844
1,1.0911212228238583,-0.8765608072280884,2.970822811126709,0.116550974547863,1.4717317819595337,187.4742889404297,188.0692596435547,179.95269775390625
2,1.0559556297957897,-0.9608550667762756,3.131240129470825,-0.03735633194446564,1.580420970916748,182.47479248046875,182.31912231445312,180.33934020996094
3,1.0785939013585448,-0.9626529216766357,3.1215121746063232,-0.034714195877313614,1.576575517654419,181.67527770996094,181.40834045410156,180.3319091796875
4,1.1368528325110674,-0.9757513403892517,3.054405450820923,0.013699725270271301,1.5687613487243652,180.33926391601562,181.84571838378906,174.6922607421875
5,1.2201470350846648,-0.9943034052848816,3.139913558959961,-0.0009275182383134961,1.568321704864502,177.84121704101562,181.5635528564453,167.15188598632812
