itr,time,loss,theta,phi,gamma,bx,by,bz
0,1.0114380475133657,-0.7241073250770569,1.4011489152908325,-0.05153825879096985,1.403414249420166,195.19557189941406,194.84361267089844,179.25669860839844
1,1.0664608106017113,-0.8697991967201233,2.608638286590576,0.04102497920393944,1.5721220970153809,195.15235900878906,194.88815307617188,179.1551513671875
2,1.0851752497255802,-0.8720255494117737,2.6186327934265137,0.009144328534603119,1.5818859338760376,194.93170166015625,194.3962860107422,179.15576171875
3,1.0870587108656764,-0.9193987846374512,2.8914918899536133,-0.007968448102474213,1.5780079364776611,187.98385620117188,180.6588134765625,179.722412109375
4,1.159764819778502,-0.958664059638977,3.1436948776245117,-0.05253487825393677,1.5711534023284912,185.28964233398438,179.37368774414062,178.45310974121094
5,1.103189142420888,-0.9769690036773682,3.1424927711486816,-0.05818532407283783,1.575092077255249,181.6749725341797,182.6593475341797,174.69699096679688
6,1.1350511396303773,-0.9895010590553284,3.124769687652588,-0.012296978384256363,1.578294038772583,178.73538208007812,181.02871704101562,172.26254272460938
