itr,time,loss,theta,phi,gamma,bx,by,bz
0,1.0161696914583445,-0.8482138514518738,3.169342517852783,-0.0749497041106224,1.5590693950653076,159.77029418945312,182.15167236328125,193.31166076660156
1,1.0037943627685308,-0.9155224561691284,3.0957560539245605,0.10308466851711273,1.5512889623641968,172.80889892578125,182.11521911621094,180.77175903320312
2,1.1095406766980886,-0.9885315895080566,3.118273973464966,-0.01666305586695671,1.57366144657135,181.94273376464844,182.00723266601562,171.87806701660156
3,1.0540469447150826,-0.9973617196083069,3.1349191665649414,-0.0024489490315318108,1.5673060417175293,180.8114471435547,179.1398162841797,167.6923370361328
