itr,time,loss,theta,phi,gamma,bx,by,bz
0,0.9626898374408484,-0.8748592734336853,3.124358654022217,0.12952733039855957,1.6240105628967285,158.43162536621094,191.18177795410156,153.8898468017578
1,1.0701348204165697,-0.8756906986236572,3.1125590801239014,0.13067826628684998,1.6227712631225586,158.53958129882812,191.0731658935547,153.94573974609375
2,1.063141436316073,-0.9138546586036682,3.1425669193267822,0.0276946984231472,1.665823221206665,166.33677673339844,183.5540313720703,157.98251342773438
3,1.1575863789767027,-0.978195071220398,3.1888904571533203,0.025316301733255386,1.5604974031448364,174.87266540527344,175.7228240966797,162.37954711914062
4,1.1205017063766718,-0.9988059997558594,3.1422252655029297,0.0028885980136692524,1.5710641145706177,180.3306121826172,179.89456176757812,164.46107482910156
