itr,time,loss,theta,phi,gamma,bx,by,bz
0,1.0202411469072104,-0.8096809387207031,3.195345640182495,-0.08086250722408295,1.5617917776107788,153.5888671875,181.61117553710938,196.31842041015625
1,0.9889062475413084,-0.846127986907959,2.870129346847534,0.07550854980945587,1.485322117805481,164.30120849609375,182.9348907470703,186.19357299804688
2,1.0909381099045277,-0.9478878378868103,2.969182252883911,0.044515348970890045,1.6288384199142456,182.19557189941406,185.5572052001953,169.4488983154297
3,1.0910301748663187,-0.9774100184440613,3.0748696327209473,-0.011384590528905392,1.5798994302749634,180.6595916748047,185.3897705078125,170.91209411621094
4,1.1797790871933103,-0.9880977272987366,3.1259925365448,0.005613087676465511,1.5630682706832886,183.01873779296875,182.59982299804688,167.92274475097656
5,1.09196447301656,-0.9985284805297852,3.130387306213379,-0.007171733304858208,1.575500726699829,180.45318603515625,180.611328125,167.72203063964844
