itr,time,loss,theta,phi,gamma,bx,by,bz
0,0.991539646871388,-0.672042965888977,2.8396964073181152,-0.14995300769805908,1.393630027770996,206.80593872070312,157.6758270263672,178.17970275878906
1,1.0355996629223228,-0.679283857345581,2.8290481567382812,-0.1618235558271408,1.4280576705932617,206.6168975830078,157.975830078125,178.25668334960938
2,1.0599623508751392,-0.7814594507217407,2.8917980194091797,0.21829716861248016,1.5387789011001587,196.1670379638672,174.43443298339844,182.0330810546875
3,1.0798401227220893,-0.9216316342353821,3.0031607151031494,-0.05050817131996155,1.5781760215759277,188.8507843017578,185.6593780517578,184.17848205566406
4,1.1349263163283467,-0.9322259426116943,2.943786859512329,-0.035461656749248505,1.5966887474060059,185.34999084472656,186.5879364013672,182.3369903564453
5,1.0767601430416107,-0.9776622653007507,3.07971453666687,-0.013624407351016998,1.543931007385254,178.30772399902344,179.7971649169922,172.7404022216797
