itr,time,loss,theta,phi,gamma,bx,by,bz
0,0.9683773973956704,-0.8704620003700256,3.1962621212005615,0.1677108258008957,1.5964338779449463,158.3086395263672,180.62203979492188,144.86199951171875
1,1.0519826048985124,-0.9556770324707031,3.0327084064483643,0.025956952944397926,1.5959097146987915,178.76638793945312,176.26889038085938,165.94554138183594
