itr,time,loss,theta,phi,gamma,bx,by,bz
0,1.0108281197026372,-0.9174959659576416,3.0028436183929443,0.050896454602479935,1.5952129364013672,177.80796813964844,192.91175842285156,159.88673400878906
1,1.0365765457972884,-0.9867364764213562,3.1913952827453613,0.018848136067390442,1.5833598375320435,176.40182495117188,180.78453063964844,163.46656799316406
