itr,time,loss,theta,phi,gamma,bx,by,bz
0,0.9827730348333716,-0.8468449711799622,3.38323974609375,0.0058277505449950695,1.5262418985366821,175.56048583984375,159.55862426757812,172.77694702148438
1,0.5993946185335517,-0.8679234385490417,3.3698410987854004,-0.04634534567594528,1.6156624555587769,174.9047088623047,163.1617889404297,171.66485595703125
2,1.0664150919765234,-0.9722506403923035,3.205387830734253,-0.009064090438187122,1.5597867965698242,173.07359313964844,176.223876953125,167.64840698242188
3,1.0326125929132104,-0.9842795729637146,3.1954357624053955,0.04194559156894684,1.5603841543197632,175.802490234375,178.77342224121094,166.6968536376953
