itr,time,loss,theta,phi,gamma,bx,by,bz
0,0.9798812959343195,-0.8414204716682434,2.8253684043884277,0.10014282912015915,1.5750890970230103,190.54148864746094,193.22354125976562,150.98475646972656
1,1.021794993430376,-0.9646695256233215,3.1301376819610596,-0.050712186843156815,1.550247073173523,179.2686767578125,181.79586791992188,159.3590087890625
2,1.0514527764171362,-0.9907432198524475,3.1555328369140625,0.01453419029712677,1.5805915594100952,177.4752960205078,179.10211181640625,161.8730010986328
3,1.0894322311505675,-0.9983023405075073,3.1622800827026367,0.0007458778563886881,1.5726410150527954,180.15167236328125,179.2830352783203,164.93533325195312
