itr,time,loss,theta,phi,gamma,bx,by,bz
0,1.0788834188133478,-0.878600001335144,3.197270393371582,0.11631119251251221,1.577805757522583,173.82933044433594,178.33633422851562,138.2787628173828
1,1.0142317907884717,-0.8890430331230164,3.1459567546844482,0.15907405316829681,1.5187453031539917,174.17994689941406,178.17283630371094,141.0383758544922
2,1.0766924377530813,-0.9521911144256592,3.3487894535064697,0.029492951929569244,1.5331172943115234,177.3411407470703,176.59823608398438,162.7107391357422
3,1.1104805069044232,-0.9892441034317017,3.1963350772857666,0.019989220425486565,1.5620321035385132,177.8767547607422,176.96559143066406,164.06988525390625
