itr,time,loss,theta,phi,gamma,bx,by,bz
0,1.0008934456855059,-0.6556909680366516,3.333839178085327,0.3609505295753479,1.4484628438949585,189.28610229492188,210.6228485107422,179.63241577148438
1,1.0276537258177996,-0.6565533876419067,3.3472697734832764,0.3683479428291321,1.459747314453125,189.2871856689453,210.61843872070312,179.6321258544922
2,1.0483623407781124,-0.6716299653053284,3.3357131481170654,0.42017751932144165,1.4028129577636719,189.95614624023438,208.03797912597656,179.37994384765625
3,1.0498099531978369,-0.697767436504364,3.2224135398864746,0.4445056617259979,1.2288657426834106,192.3064727783203,199.15074157714844,178.60174560546875
4,1.1374357352033257,-0.8937289118766785,2.7665021419525146,0.02133176103234291,1.569466471672058,195.58724975585938,187.3941192626953,177.64930725097656
5,1.245519770309329,-0.8946976065635681,2.7588181495666504,0.02600785344839096,1.5873216390609741,195.26197814941406,187.74786376953125,177.66793823242188
6,1.1749895000830293,-0.9058945178985596,2.749239683151245,0.007324713282287121,1.5676915645599365,190.62649536132812,189.74497985839844,177.77915954589844
7,1.2433780375868082,-0.913477897644043,2.7694404125213623,0.044008925557136536,1.5580031871795654,189.34359741210938,188.03860473632812,177.58140563964844
8,1.2023654356598854,-0.9787824153900146,3.131321668624878,-0.029300402849912643,1.5744256973266602,179.66683959960938,180.97080993652344,176.17935180664062
