itr,time,loss,theta,phi,gamma,bx,by,bz
0,1.0466088894754648,-0.8389602303504944,2.837307929992676,0.03315789997577667,1.6110681295394897,177.64404296875,203.9731903076172,178.80319213867188
1,1.021093457005918,-0.9572612047195435,3.1808838844299316,0.08693543821573257,1.5532548427581787,178.3238067626953,181.42636108398438,173.1459503173828
2,1.0489262659102678,-0.9881578087806702,3.1394479274749756,-0.01553521491587162,1.571677327156067,178.4033660888672,179.9568634033203,172.73536682128906
3,0.3413140932098031,-0.9882011413574219,3.1361145973205566,-0.009432125836610794,1.5725033283233643,178.41607666015625,180.03628540039062,172.71902465820312
4,1.0020698131993413,-0.9988175630569458,3.140716314315796,-0.003069330006837845,1.5708229541778564,180.98028564453125,180.0527801513672,167.36087036132812
