itr,time,loss,theta,phi,gamma,bx,by,bz
0,1.107952299527824,-0.7859293222427368,3.7909016609191895,0.04746535047888756,1.5972647666931152,174.6881103515625,161.62498474121094,184.04762268066406
1,1.1291902866214514,-0.7865040898323059,3.7992517948150635,0.06119588389992714,1.6138942241668701,174.70387268066406,161.75794982910156,183.91995239257812
2,1.1079465979710221,-0.7932547926902771,3.9618399143218994,0.05031544342637062,1.6739661693572998,175.02346801757812,164.5361785888672,181.30712890625
3,1.088771210052073,-0.7950636744499207,3.9759812355041504,0.03209685534238815,1.6607948541641235,175.06854248046875,164.8574676513672,181.0025634765625
4,1.2879224410280585,-0.8140235543251038,3.901475191116333,0.07638496905565262,1.574562430381775,176.56723022460938,172.73495483398438,173.33045959472656
5,1.1115357531234622,-0.8198001980781555,3.8504464626312256,0.09408306330442429,1.5783427953720093,176.7863006591797,172.1148681640625,173.78436279296875
6,1.3967806501314044,-0.8455770015716553,3.516357898712158,0.14159291982650757,1.6238101720809937,180.18423461914062,170.08560180664062,173.78419494628906
7,1.1539082108065486,-0.9779683351516724,3.179145574569702,0.01603967696428299,1.5540107488632202,185.375244140625,178.53662109375,163.80674743652344
