itr,time,loss,theta,phi,gamma,bx,by,bz
0,1.014552584849298,-0.6621185541152954,3.4585764408111572,0.37577900290489197,1.4625730514526367,188.94219970703125,209.91336059570312,182.90606689453125
1,1.0038655512034893,-0.868492841720581,2.992279529571533,-0.14278501272201538,1.6738054752349854,192.25686645507812,192.93174743652344,183.86366271972656
2,1.1549913547933102,-0.8971490263938904,2.7487103939056396,0.019428564235568047,1.5813275575637817,192.54104614257812,189.517822265625,184.0396270751953
3,1.0880324626341462,-0.8991321921348572,2.7450368404388428,0.027759108692407608,1.5670251846313477,192.52713012695312,187.83734130859375,184.0011749267578
4,1.1274608941748738,-0.9012418985366821,2.7760062217712402,0.016522007063031197,1.5716108083724976,192.3863067626953,187.0491485595703,183.89537048339844
5,1.0722948154434562,-0.9117501974105835,3.0418736934661865,-0.03770183026790619,1.50617253780365,190.0368194580078,179.0325164794922,182.37350463867188
6,1.1791155263781548,-0.9330360889434814,3.152242422103882,-0.07186086475849152,1.5904548168182373,188.799072265625,181.2324676513672,181.631103515625
7,1.1595154274255037,-0.9600458741188049,3.15320086479187,0.0337589755654335,1.5625908374786377,182.2854766845703,179.2251434326172,177.5342254638672
8,1.1822542762383819,-0.9822897911071777,3.14168643951416,-0.019322756677865982,1.572338581085205,177.54237365722656,180.28492736816406,174.44448852539062
