itr,time,loss,theta,phi,gamma,bx,by,bz
0,1.0424948260188103,-0.7031760811805725,2.1371922492980957,0.34291133284568787,1.2168301343917847,159.6667022705078,188.2467041015625,148.9937286376953
1,1.044203574769199,-0.8764038681983948,3.1396868228912354,0.14580965042114258,1.6168404817581177,159.98681640625,188.5606689453125,149.22344970703125
2,1.044239331036806,-0.8822911977767944,3.1274616718292236,0.15197250247001648,1.6579629182815552,161.3528289794922,187.5605926513672,150.49417114257812
3,1.1362949190661311,-0.9863545894622803,3.1740317344665527,0.018157709389925003,1.564205527305603,177.1422576904297,176.44386291503906,162.70513916015625
