itr,time,loss,theta,phi,gamma,bx,by,bz
0,1.0596604719758034,-0.7767282724380493,3.351365804672241,0.0048258681781589985,1.4705195426940918,154.87234497070312,158.07005310058594,187.7418212890625
1,0.998130046762526,-0.801058292388916,3.2895689010620117,0.036984678357839584,1.5422921180725098,156.20738220214844,161.88453674316406,185.25132751464844
2,1.0818144725635648,-0.9241117238998413,3.0935781002044678,0.09115679562091827,1.5937708616256714,164.72943115234375,185.49649047851562,169.66464233398438
3,1.0579527616500854,-0.9350802302360535,3.15163254737854,0.020074641332030296,1.5724987983703613,165.90182495117188,185.81837463378906,169.04295349121094
