itr,time,loss,theta,phi,gamma,bx,by,bz
0,1.105683051981032,-0.7729154825210571,3.6956958770751953,-0.08502128720283508,1.5407121181488037,190.83944702148438,164.02879333496094,189.720947265625
1,1.0824119364842772,-0.7735693454742432,3.6817867755889893,-0.09709815680980682,1.5368624925613403,190.80755615234375,164.08950805664062,189.68997192382812
2,1.1182794608175755,-0.8372500538825989,3.235353469848633,-0.17789821326732635,1.6142828464508057,187.1756591796875,170.66824340820312,186.20022583007812
3,1.0755069591104984,-0.9634943008422852,3.1243252754211426,-0.027922386303544044,1.5771582126617432,181.19024658203125,182.3731689453125,180.05865478515625
4,1.0950025971978903,-0.964738130569458,3.105412244796753,-0.03879993036389351,1.5793323516845703,180.62733459472656,183.43997192382812,179.47164916992188
5,1.1624634573236108,-0.9703638553619385,3.0882558822631836,-0.033068690448999405,1.5967848300933838,180.06605529785156,183.42086791992188,177.3561553955078
6,1.1797645576298237,-0.9987087845802307,3.1456031799316406,0.0010005910880863667,1.5700621604919434,178.75254821777344,179.6824188232422,166.7925567626953
7,0.138696800917387,-0.9987093210220337,3.145421266555786,0.0012440343853086233,1.5699506998062134,178.7501678466797,179.68316650390625,166.7846221923828
