itr,time,loss,theta,phi,gamma,bx,by,bz
0,0.9716071663424373,-0.91291344165802,3.311323642730713,0.005679269786924124,1.5440484285354614,178.7898406982422,166.44187927246094,168.31814575195312
1,1.0243782214820385,-0.9553429484367371,3.244843006134033,0.04061875864863396,1.491289734840393,177.2895965576172,174.62716674804688,166.8248291015625
2,0.9309009211137891,-0.9929652810096741,3.1452202796936035,0.009569846093654633,1.5658849477767944,176.52415466308594,179.29449462890625,165.92140197753906
