itr,time,loss,theta,phi,gamma,bx,by,bz
0,0.973237101919949,-0.8382971286773682,3.345367431640625,-0.06981009989976883,1.5385278463363647,178.2898406982422,164.53099060058594,186.69912719726562
1,1.0376980928704143,-0.9952667951583862,3.1269242763519287,0.0027235348243266344,1.5609184503555298,181.14198303222656,180.8399200439453,168.95262145996094
