itr,time,loss,theta,phi,gamma,bx,by,bz
0,1.0329991225153208,-0.8141403794288635,3.4271321296691895,0.14792831242084503,1.5344866514205933,175.5916748046875,157.91835021972656,139.439453125
1,1.0855275625362992,-0.8308560252189636,3.389566659927368,0.022842783480882645,1.5115529298782349,174.2411651611328,161.88365173339844,142.06761169433594
2,1.0639777584001422,-0.937767744064331,3.177144765853882,0.06188909336924553,1.6022734642028809,168.68707275390625,179.33224487304688,153.03939819335938
3,1.0211156979203224,-0.9421519041061401,3.165855646133423,0.08557234704494476,1.571994423866272,168.7159423828125,180.3111114501953,153.85894775390625
4,1.108530880883336,-0.9931503534317017,3.1762022972106934,0.027576807886362076,1.5630687475204468,180.00616455078125,179.30941772460938,162.51724243164062
