itr,time,loss,theta,phi,gamma,bx,by,bz
0,1.1151770036667585,-0.8506771326065063,2.5706257820129395,0.05262158066034317,1.5809403657913208,197.15304565429688,196.0031280517578,171.8114471435547
1,1.1071204617619514,-0.8518463373184204,2.596529483795166,0.07211820036172867,1.5701731443405151,196.94174194335938,195.6954803466797,171.8814239501953
2,1.0596259236335754,-0.926815390586853,3.1343178749084473,-0.03204943612217903,1.592766523361206,190.63282775878906,186.77821350097656,173.82806396484375
3,1.157708764076233,-0.9711111783981323,3.1242971420288086,-0.031696345657110214,1.567954659461975,184.8287353515625,179.19537353515625,175.23971557617188
4,1.0067668007686734,-0.992904782295227,3.1303133964538574,-0.009354585781693459,1.5759965181350708,179.60032653808594,181.46047973632812,170.93765258789062
