itr,time,loss,theta,phi,gamma,bx,by,bz
0,1.0460325991734862,-0.8029676675796509,2.913280725479126,0.022375041618943214,1.632076621055603,163.931396484375,208.1564178466797,180.67515563964844
1,1.0637033404782414,-0.803277313709259,2.9127047061920166,0.013096623122692108,1.6362686157226562,163.9529571533203,208.0863494873047,180.64956665039062
2,1.0912551181390882,-0.9385378956794739,3.0848259925842285,-0.10660834610462189,1.5838477611541748,171.82591247558594,182.96197509765625,171.34848022460938
3,1.0765655478462577,-0.9980819821357727,3.1536738872528076,-0.00833979807794094,1.5631647109985352,179.8373565673828,180.0454864501953,167.4713897705078
