itr,time,loss,theta,phi,gamma,bx,by,bz
0,1.0167708825320005,-0.8848673701286316,2.853579044342041,0.05006478354334831,1.5660383701324463,187.1665496826172,194.61341857910156,161.67991638183594
1,1.1012734500691295,-0.9253537058830261,2.9480791091918945,0.06323032081127167,1.6534395217895508,183.59170532226562,187.68006896972656,163.99026489257812
