itr,time,loss,theta,phi,gamma,bx,by,bz
0,1.0062836753204465,-0.8638057112693787,3.0617337226867676,0.022048430517315865,1.623650312423706,163.30235290527344,197.5625457763672,176.5979461669922
1,1.0249970126897097,-0.8757821321487427,2.9679393768310547,-0.0009767143055796623,1.6365623474121094,164.8697052001953,194.3894805908203,175.65223693847656
2,1.0851522954180837,-0.9799372553825378,3.1770219802856445,-0.011783520691096783,1.5664323568344116,175.3199005126953,176.75479125976562,169.78466796875
