itr,time,loss,theta,phi,gamma,bx,by,bz
0,0.9941979413852096,-0.8940321803092957,3.185424327850342,-0.06238168105483055,1.5613878965377808,177.127685546875,176.33973693847656,191.70968627929688
1,0.9794777827337384,-0.904642641544342,3.1022884845733643,-0.06626994162797928,1.6320661306381226,177.3106689453125,178.55740356445312,188.99038696289062
2,1.0854812236502767,-0.9538323879241943,3.0919506549835205,-0.0389365591108799,1.58358895778656,178.069091796875,185.62416076660156,180.17172241210938
3,1.0626480858772993,-0.969011127948761,3.2012431621551514,-0.02769589051604271,1.577545166015625,180.3846893310547,184.6295623779297,171.05247497558594
4,1.0281321667134762,-0.9971537590026855,3.1363914012908936,-0.005781273823231459,1.5726253986358643,181.83502197265625,180.44569396972656,167.33700561523438
