itr,time,loss,theta,phi,gamma,bx,by,bz
0,0.9703615810722113,-0.8941869139671326,2.9788002967834473,0.04325443506240845,1.6042653322219849,173.84906005859375,197.11204528808594,169.23910522460938
1,1.0179334711283445,-0.9847276210784912,3.1610982418060303,-0.005649058148264885,1.5419715642929077,176.07986450195312,180.47303771972656,168.74790954589844
2,1.1098551712930202,-0.9915520548820496,3.139176845550537,0.003968292847275734,1.5606378316879272,176.66378784179688,179.33291625976562,168.55361938476562
