itr,time,loss,theta,phi,gamma,bx,by,bz
0,1.0690411953255534,-0.7678885459899902,3.4464306831359863,0.03740496188402176,1.4446570873260498,157.8418731689453,150.4111328125,177.09837341308594
1,1.3973592836409807,-0.7694938778877258,3.440915822982788,0.028881089761853218,1.4760524034500122,157.84536743164062,150.43789672851562,177.08782958984375
2,1.062034890986979,-0.7856751680374146,3.6178271770477295,0.0774097740650177,1.5681074857711792,158.97323608398438,156.16342163085938,174.7633056640625
3,1.0947279315441847,-0.9031418561935425,3.1006546020507812,-0.012352235615253448,1.5654501914978027,163.0313720703125,172.70079040527344,167.91259765625
4,1.0889876456931233,-0.9594194889068604,3.1656644344329834,0.05914923548698425,1.5625895261764526,169.5496063232422,182.24447631835938,164.35073852539062
5,1.1590401474386454,-0.9977921843528748,3.1453983783721924,-0.01194889284670353,1.5673611164093018,179.87960815429688,180.4821014404297,165.1915283203125
