itr,time,loss,theta,phi,gamma,bx,by,bz
0,0.9900193167850375,-0.8757251501083374,2.794276475906372,-0.0031868983060121536,1.574173092842102,190.1707305908203,191.55662536621094,193.08908081054688
1,1.1685230992734432,-0.8797435164451599,2.8212575912475586,-0.049929533153772354,1.5846056938171387,189.74285888671875,190.41409301757812,192.1664581298828
2,1.1059141168370843,-0.944365382194519,3.1586549282073975,-0.04065458104014397,1.5644904375076294,184.46487426757812,176.998779296875,180.87796020507812
3,1.102786734700203,-0.9947707056999207,3.1534273624420166,-0.0035991824697703123,1.5719950199127197,177.9341583251953,180.4529571533203,168.9563446044922
4,0.5207339683547616,-0.9956362247467041,3.142849922180176,0.0013732879888266325,1.5703274011611938,177.85983276367188,179.7819366455078,168.44772338867188
