itr,time,loss,theta,phi,gamma,bx,by,bz
0,1.0160662662237883,-0.7744190692901611,2.9030685424804688,0.21408945322036743,1.6145949363708496,158.146728515625,210.37265014648438,145.56808471679688
1,0.9994319481775165,-0.7866179347038269,2.9422571659088135,0.0920778289437294,1.5741316080093384,159.8302459716797,206.41241455078125,147.50253295898438
2,1.054330644197762,-0.9576146006584167,3.056421995162964,0.06443281471729279,1.5698671340942383,172.488037109375,178.5234832763672,161.72702026367188
3,1.0811556335538626,-0.979725182056427,3.1547539234161377,0.050891101360321045,1.5541952848434448,174.044189453125,178.17420959472656,162.6116485595703
