itr,time,loss,theta,phi,gamma,bx,by,bz
0,1.0156843177974224,-0.89200359582901,3.2485108375549316,0.1326388716697693,1.5480488538742065,165.60116577148438,169.56692504882812,146.94960021972656
1,0.9999868599697948,-0.914774477481842,3.161790609359741,0.1344960778951645,1.4775058031082153,168.96490478515625,173.03866577148438,151.10386657714844
2,1.0635616621002555,-0.9895443916320801,3.1313462257385254,0.013376312330365181,1.5762642621994019,178.41651916503906,182.3433837890625,162.66075134277344
3,1.1109594535082579,-0.9977309107780457,3.1440813541412354,-0.004817055072635412,1.5804688930511475,180.64730834960938,180.93783569335938,165.75250244140625
