itr,time,loss,theta,phi,gamma,bx,by,bz
0,0.96091453358531,-0.9854962825775146,3.1403236389160156,-0.018151188269257545,1.5704232454299927,181.76266479492188,179.41429138183594,173.23558044433594
1,1.0374101903289557,-0.9929555654525757,3.1016526222229004,-0.0032070318702608347,1.576623558998108,180.26470947265625,181.1158905029297,170.4414520263672
2,1.096035836264491,-0.9951412081718445,3.1297757625579834,-0.00929486844688654,1.5740699768066406,179.86878967285156,181.5216827392578,169.62350463867188
