itr,time,loss,theta,phi,gamma,bx,by,bz
0,1.0016917334869504,-0.8003193140029907,3.3119990825653076,-0.07076302170753479,1.5120922327041626,168.75192260742188,163.41873168945312,193.8154754638672
1,1.0051277913153172,-0.9458948969841003,3.0759692192077637,-0.014616308733820915,1.5470858812332153,171.6793975830078,183.9208984375,177.25465393066406
2,0.9785697450861335,-0.9937600493431091,3.1460556983947754,-0.002878236584365368,1.588180661201477,179.64610290527344,180.5948944091797,169.7399444580078
