itr,time,loss,theta,phi,gamma,bx,by,bz
0,0.9555635955184698,-0.9504246115684509,3.1250827312469482,0.029581038281321526,1.587991714477539,169.58511352539062,186.35658264160156,165.646728515625
1,1.021469121798873,-0.9945948719978333,3.143670082092285,0.010235592722892761,1.5650256872177124,177.3428192138672,178.72259521484375,166.20468139648438
