itr,time,loss,theta,phi,gamma,bx,by,bz
0,0.9814593698829412,-0.6169685125350952,2.956571102142334,-0.10517542064189911,1.5086472034454346,210.07310485839844,161.5248565673828,159.10769653320312
1,1.0723876543343067,-0.7222290635108948,3.1013340950012207,-0.26177868247032166,1.341774821281433,195.1710662841797,169.80516052246094,165.66632080078125
2,1.0730852959677577,-0.9716208577156067,3.239847183227539,-0.05671880766749382,1.5949028730392456,180.31800842285156,177.97384643554688,171.92495727539062
3,1.04933294467628,-0.9973066449165344,3.131571054458618,-0.006147329229861498,1.5734703540802002,180.87478637695312,180.85174560546875,168.64236450195312
