itr,time,loss,theta,phi,gamma,bx,by,bz
0,1.0787993595004082,-0.9390839338302612,3.224994421005249,0.058169420808553696,1.5467333793640137,172.70579528808594,172.52879333496094,152.2167510986328
1,1.0708530433475971,-0.9859606027603149,3.1256422996520996,0.017554156482219696,1.5691893100738525,177.995849609375,181.6493682861328,160.3728790283203
2,1.1049294266849756,-0.986920952796936,3.125500440597534,0.010532253421843052,1.5798656940460205,178.5236358642578,182.1864471435547,161.24395751953125
