itr,time,loss,theta,phi,gamma,bx,by,bz
0,0.9829391445964575,-0.8119542598724365,3.3703272342681885,0.0566968210041523,1.531585931777954,194.52023315429688,168.84228515625,149.5320587158203
1,1.0466609401628375,-0.9682735800743103,3.1922659873962402,0.05747343227267265,1.5541819334030151,177.5778045654297,178.9727325439453,154.48721313476562
2,1.0739232320338488,-0.9704322218894958,3.1615030765533447,0.041745662689208984,1.571948528289795,177.95413208007812,178.75306701660156,154.59469604492188
3,1.1279932809993625,-0.9979743957519531,3.1477532386779785,0.0022372272796928883,1.5672019720077515,178.85427856445312,178.91436767578125,166.29307556152344
