itr,time,loss,theta,phi,gamma,bx,by,bz
0,0.982019878923893,-0.8876674771308899,3.1422688961029053,-0.02348901331424713,1.5724432468414307,160.6519012451172,184.56661987304688,182.7868194580078
1,1.1866508880630136,-0.8876867890357971,3.1424121856689453,-0.024035461246967316,1.5732823610305786,160.65274047851562,184.56640625,182.78634643554688
2,0.9847605125978589,-0.9382332563400269,3.1597344875335693,-0.05825941637158394,1.4927564859390259,173.14523315429688,180.73941040039062,176.2947998046875
3,0.969799580052495,-0.9841011762619019,3.145449638366699,-0.015976641327142715,1.5716584920883179,181.12564086914062,179.07484436035156,173.72828674316406
4,1.008104252628982,-0.9842942357063293,3.1453447341918945,-0.018532607704401016,1.568886160850525,180.81634521484375,179.140869140625,173.8252410888672
5,1.0607922226190567,-0.9922756552696228,3.1644437313079834,-0.007418048568069935,1.5739924907684326,181.36270141601562,180.7911834716797,170.31076049804688
6,1.1818915354087949,-0.9957824945449829,3.123863458633423,-0.008490861393511295,1.573790192604065,181.02853393554688,181.52540588378906,168.84799194335938
