itr,time,loss,theta,phi,gamma,bx,by,bz
0,1.0839667478576303,-0.807876467704773,3.3114261627197266,0.11765620857477188,1.4996875524520874,151.89501953125,156.10504150390625,167.78607177734375
1,1.103774294257164,-0.8280354142189026,3.4272072315216064,0.07901258021593094,1.4619172811508179,154.64930725097656,161.38201904296875,166.3743133544922
2,1.1496322378516197,-0.9427546858787537,3.1587958335876465,0.0626102015376091,1.5837734937667847,166.37127685546875,182.7153778076172,160.43006896972656
3,1.0960515830665827,-0.9856234192848206,3.1610443592071533,0.03686225414276123,1.5738575458526611,182.69198608398438,177.7794952392578,163.9283905029297
