itr,time,loss,theta,phi,gamma,bx,by,bz
0,1.2169231045991182,-0.9115062355995178,2.9800498485565186,-0.040842145681381226,1.5881707668304443,183.86105346679688,190.0113525390625,187.02200317382812
1,1.0683941701427102,-0.917889416217804,2.954679250717163,-0.02122730016708374,1.5496355295181274,183.4180450439453,188.24522399902344,185.8387908935547
2,1.1377985924482346,-0.9640306234359741,3.1511332988739014,-0.029869144782423973,1.5781360864639282,181.0633087158203,178.55691528320312,178.89122009277344
3,1.1823628889396787,-0.9699806571006775,3.0836760997772217,-0.033164653927087784,1.5749794244766235,180.96591186523438,181.15664672851562,177.99012756347656
4,1.2523558558896184,-0.9974617958068848,3.141416072845459,0.0021717047784477472,1.5709413290023804,178.14422607421875,180.0526580810547,167.15939331054688
