itr,time,loss,theta,phi,gamma,bx,by,bz
0,0.9681637138128281,-0.9362896084785461,3.141618490219116,0.049681421369314194,1.603280782699585,165.28277587890625,183.4007110595703,169.1582489013672
1,1.0819098465144634,-0.9947044849395752,3.1552908420562744,0.002045329427346587,1.5673949718475342,178.5808563232422,178.05360412597656,167.5740966796875
