itr,time,loss,theta,phi,gamma,bx,by,bz
0,1.015509869903326,-0.8205288052558899,3.136366605758667,-0.07203418761491776,1.5817227363586426,154.13088989257812,186.8971710205078,193.2947540283203
1,0.9485204759985209,-0.8242553472518921,3.130876302719116,-0.01468747854232788,1.5573559999465942,154.9791717529297,186.6560516357422,192.55654907226562
2,1.0291980933398008,-0.9677091836929321,3.1015076637268066,-0.0869106873869896,1.5651870965957642,179.5535888671875,178.7170867919922,172.15155029296875
3,1.0687126815319061,-0.9916071891784668,3.1547515392303467,-0.007306880783289671,1.5679755210876465,180.76036071777344,178.43118286132812,170.40139770507812
4,1.1548461997881532,-0.9981292486190796,3.134678840637207,-0.004348604939877987,1.5734046697616577,180.64492797851562,180.80282592773438,168.07398986816406
