itr,time,loss,theta,phi,gamma,bx,by,bz
0,1.0087748561054468,-0.8308328986167908,3.140260696411133,0.03969186916947365,1.5641757249832153,199.0485076904297,179.722412109375,152.38938903808594
1,1.0495366621762514,-0.9536864161491394,3.0279266834259033,0.09874040633440018,1.5903608798980713,183.51394653320312,179.4341278076172,157.21424865722656
2,1.0639984533190727,-0.9860103130340576,3.1540005207061768,0.021080898120999336,1.5634891986846924,178.48306274414062,179.5061798095703,158.93194580078125
