itr,time,loss,theta,phi,gamma,bx,by,bz
0,1.047597261145711,-0.8785238862037659,3.3087193965911865,0.05418020859360695,1.5196861028671265,168.64926147460938,161.36561584472656,164.8668670654297
1,1.090132700279355,-0.8847061991691589,3.354818344116211,0.033449165523052216,1.5591686964035034,168.81597900390625,162.9176483154297,164.7430419921875
2,1.2858309093862772,-0.9726982116699219,3.1493072509765625,0.03977300226688385,1.5736716985702515,171.63290405273438,180.13809204101562,163.1992645263672
3,1.0863943127915263,-0.9951709508895874,3.1589205265045166,-0.009703133255243301,1.5845197439193726,179.1489715576172,179.0306396484375,164.3042755126953
4,1.1648462731391191,-0.9987879395484924,3.140362501144409,0.003313900902867317,1.5708959102630615,180.10110473632812,179.768798828125,164.42239379882812
