itr,time,loss,theta,phi,gamma,bx,by,bz
0,1.1310048354789615,-0.8671209812164307,3.275695323944092,0.06976751983165741,1.514199137687683,161.73138427734375,161.7014617919922,164.86766052246094
1,1.1101794354617596,-0.8771820068359375,3.122122287750244,0.12413729727268219,1.4456489086151123,163.8198699951172,166.18511962890625,164.52490234375
2,1.0920227589085698,-0.9640815258026123,3.11177921295166,0.0570245236158371,1.5751800537109375,171.5783233642578,183.9063720703125,163.2399139404297
3,1.1810351647436619,-0.9871931672096252,3.1968696117401123,0.021883925423026085,1.5505479574203491,178.28211975097656,180.23963928222656,162.7885284423828
4,1.243144903331995,-0.9978410005569458,3.140481948852539,0.004749216604977846,1.5706027746200562,180.0224151611328,179.78985595703125,163.6677703857422
