itr,time,loss,theta,phi,gamma,bx,by,bz
0,1.0313629433512688,-0.9185243844985962,3.2333314418792725,0.07084477692842484,1.5326505899429321,168.80404663085938,167.22630310058594,160.31675720214844
1,1.0806108824908733,-0.968488872051239,3.2497780323028564,0.022297922521829605,1.590508222579956,173.44129943847656,178.3900604248047,161.13438415527344
2,1.1415992407128215,-0.9820509552955627,3.1461644172668457,0.02794049307703972,1.5728644132614136,174.79225158691406,180.94447326660156,161.45025634765625
3,1.260145547799766,-0.9985064268112183,3.144256353378296,0.003663567127659917,1.5704604387283325,180.3673095703125,179.7701416015625,164.23211669921875
