itr,time,loss,theta,phi,gamma,bx,by,bz
0,1.0666774520650506,-0.7729841470718384,3.343925952911377,-0.045833948999643326,1.5114762783050537,196.0506591796875,163.71253967285156,166.12400817871094
1,1.0954002710059285,-0.9985343217849731,3.1370201110839844,-0.004329230636358261,1.5689477920532227,181.0634307861328,180.63973999023438,166.60218811035156
2,0.5415431978181005,-0.9987031817436218,3.1345081329345703,-0.002002963563427329,1.5718533992767334,181.05380249023438,180.65357971191406,166.60304260253906
