itr,time,loss,theta,phi,gamma,bx,by,bz
0,1.0244546700268984,-0.8498454689979553,3.061950206756592,-0.12453220784664154,1.528486728668213,198.4049530029297,174.1698760986328,180.99493408203125
1,1.1482862895354629,-0.9714521169662476,3.0892863273620605,-0.02263699844479561,1.5741348266601562,182.3534393310547,184.61024475097656,175.52685546875
2,1.114259577356279,-0.9740653038024902,3.0644407272338867,-0.016047121956944466,1.583103895187378,181.0704803466797,184.5308380126953,174.83279418945312
3,1.1263469578698277,-0.98768150806427,3.1076066493988037,-0.0017990854103118181,1.5509189367294312,178.35528564453125,180.9488067626953,171.1417999267578
4,1.0637693209573627,-0.987778902053833,3.1079483032226562,-0.005797112360596657,1.5509535074234009,178.68963623046875,180.9648895263672,171.33839416503906
5,1.286888113245368,-0.9963333606719971,3.120722532272339,0.006499327719211578,1.5548923015594482,180.2679443359375,179.5762939453125,166.02664184570312
6,1.2394177839159966,-0.9979056119918823,3.1225802898406982,0.003761901520192623,1.5622895956039429,180.19471740722656,180.5739288330078,165.4872283935547
