itr,time,loss,theta,phi,gamma,bx,by,bz
0,1.0748115396127105,-0.9137864112854004,3.257577419281006,0.03590252995491028,1.5242856740951538,170.86526489257812,166.09503173828125,165.09994506835938
1,0.9840031275525689,-0.9810395240783691,3.1379218101501465,0.028950413689017296,1.5679715871810913,173.70672607421875,180.3436279296875,163.5641326904297
2,1.1623055078089237,-0.9908171892166138,3.0873711109161377,0.008810637518763542,1.57221257686615,178.3195343017578,181.4696807861328,164.36146545410156
