itr,time,loss,theta,phi,gamma,bx,by,bz
0,1.180016147904098,-0.7788448333740234,3.744175672531128,0.030671533197164536,1.5548895597457886,181.1765594482422,150.41348266601562,162.79544067382812
1,1.110587902367115,-0.7846382856369019,3.699688196182251,0.009536275640130043,1.5530763864517212,180.6304931640625,151.36062622070312,162.37692260742188
2,1.1727004162967205,-0.9078947305679321,3.3021295070648193,0.02266862988471985,1.6398183107376099,167.81216430664062,173.93063354492188,152.79615783691406
3,1.1727291652932763,-0.9376000761985779,3.2068235874176025,0.08484666794538498,1.5310736894607544,169.77828979492188,172.7415771484375,154.3201904296875
4,1.214126255363226,-0.9476810097694397,3.128786563873291,0.047455206513404846,1.5633655786514282,172.14291381835938,174.2055206298828,156.09393310546875
5,1.3276856802403927,-0.9961910843849182,3.1451714038848877,0.005718901287764311,1.5699125528335571,181.01365661621094,179.88372802734375,163.0664520263672
6,1.3559199990704656,-0.9987106323242188,3.152501344680786,0.011731459759175777,1.5716875791549683,179.95797729492188,179.5267333984375,165.2322235107422
