itr,time,loss,theta,phi,gamma,bx,by,bz
0,1.048701360821724,-0.7168662548065186,3.2930028438568115,0.2526281774044037,1.4258220195770264,198.24676513671875,202.3665313720703,191.9666290283203
1,1.2493858393281698,-0.7169085741043091,3.2954161167144775,0.2507103681564331,1.4250459671020508,198.24794006347656,202.36289978027344,191.96676635742188
2,1.0621910942718387,-0.7931519150733948,2.8986976146698,-0.06112635135650635,1.630817174911499,203.92385864257812,184.4951629638672,192.40377807617188
3,1.159339434467256,-0.8762499094009399,2.5886292457580566,-0.016462549567222595,1.5777333974838257,193.99627685546875,187.79502868652344,190.0271759033203
4,1.4013703810051084,-0.883483350276947,2.6393911838531494,0.03324415534734726,1.5720363855361938,193.79702758789062,188.93353271484375,190.02035522460938
5,1.2175557259470224,-0.884398877620697,2.639418363571167,0.027857864275574684,1.580176830291748,193.07843017578125,188.46507263183594,189.7548828125
6,1.363915272988379,-0.888166606426239,2.746075391769409,0.06027701497077942,1.583605408668518,186.24478149414062,187.9429931640625,187.40725708007812
7,1.4176945127546787,-0.9480849504470825,3.126389980316162,-0.05855032056570053,1.5969526767730713,177.9451141357422,183.1430206298828,183.26083374023438
8,1.362161940895021,-0.9599204063415527,3.1975395679473877,-0.019608883187174797,1.558867335319519,178.83775329589844,180.36070251464844,179.6667022705078
