itr,time,loss,theta,phi,gamma,bx,by,bz
0,1.0933355996385217,-0.8158465623855591,2.8802897930145264,0.009439625777304173,1.6276931762695312,170.57968139648438,207.0087127685547,180.38331604003906
1,1.0271992171183228,-0.8816932439804077,3.0590405464172363,0.06866370141506195,1.7040493488311768,172.25808715820312,192.2494659423828,176.27491760253906
2,1.0797489704564214,-0.9831969738006592,3.168657064437866,-0.010380571708083153,1.5624901056289673,175.31942749023438,179.4506072998047,171.31484985351562
