itr,time,loss,theta,phi,gamma,bx,by,bz
0,0.9770012265071273,-0.7689048647880554,3.346997022628784,-0.002249309327453375,1.4636695384979248,154.8508758544922,156.8296356201172,188.32945251464844
1,1.0124735264107585,-0.9203545451164246,3.2080705165863037,0.08510760962963104,1.5568318367004395,164.046630859375,183.3668212890625,170.40081787109375
2,1.011219223961234,-0.9328983426094055,3.153186798095703,0.03077148087322712,1.5882446765899658,164.64109802246094,184.56552124023438,169.4665985107422
3,1.0930182114243507,-0.9902418851852417,3.1955113410949707,0.01615471951663494,1.5524170398712158,177.7579803466797,179.0828399658203,166.9846954345703
