itr,time,loss,theta,phi,gamma,bx,by,bz
0,1.0623911125585437,-0.8010740876197815,3.755413293838501,-0.007294690236449242,1.5497955083847046,189.03392028808594,161.4047393798828,165.58351135253906
1,1.0272014299407601,-0.9246042966842651,3.323876142501831,0.04125238209962845,1.5738365650177002,181.9059600830078,168.89337158203125,165.67393493652344
2,1.4606670467182994,-0.982893705368042,3.1636524200439453,0.01779777742922306,1.5597467422485352,174.90594482421875,176.64320373535156,165.72010803222656
