itr,time,loss,theta,phi,gamma,bx,by,bz
0,0.9610391026362777,-0.853858470916748,3.243748188018799,0.17653502523899078,1.6070798635482788,160.0440673828125,176.27011108398438,139.34329223632812
1,1.0131436325609684,-0.986876904964447,3.219675064086914,-0.007485180161893368,1.5655947923660278,177.9833221435547,176.9708251953125,166.4525146484375
2,1.0348966410383582,-0.998549222946167,3.1546578407287598,0.0010124016553163528,1.5679640769958496,179.37799072265625,180.44735717773438,166.7255401611328
