itr,time,loss,theta,phi,gamma,bx,by,bz
0,1.0289441011846066,-0.6158277988433838,3.8103017807006836,0.3155691623687744,1.242292881011963,207.2803955078125,156.00367736816406,152.31503295898438
1,1.0476971892639995,-0.6940898299217224,3.9865283966064453,0.1561383157968521,1.5068120956420898,207.17474365234375,156.02749633789062,152.30889892578125
2,1.0563294989988208,-0.8526120185852051,3.1874029636383057,0.0781111940741539,1.4488921165466309,177.26461791992188,164.17877197265625,150.27149963378906
3,0.9955519968643785,-0.9037189483642578,3.2890613079071045,0.09575729072093964,1.5400758981704712,170.84356689453125,166.92889404296875,150.21791076660156
4,1.0614431099966168,-0.9081012606620789,3.200667142868042,0.14663375914096832,1.5495530366897583,167.82810974121094,169.9992218017578,150.99696350097656
5,1.093507737852633,-0.9815042614936829,3.1443705558776855,0.018875736743211746,1.5514475107192993,178.97349548339844,180.32142639160156,158.05921936035156
