itr,time,loss,theta,phi,gamma,bx,by,bz
0,0.9662759825587273,-0.8853273391723633,0.15527771413326263,-3.1076467037200928,-1.5966588258743286,175.09683227539062,167.59645080566406,181.89463806152344
1,1.0068271681666374,-0.9639588594436646,0.023531265556812286,-3.0798609256744385,-1.6026060581207275,174.85203552246094,182.27720642089844,174.43997192382812
2,1.0704002156853676,-0.9751185178756714,0.002645667176693678,-3.123425006866455,-1.5657680034637451,175.12982177734375,182.2144317626953,174.19186401367188
3,1.0990748070180416,-0.9945051670074463,0.01781943440437317,-3.1273977756500244,-1.5768910646438599,180.59323120117188,179.57789611816406,169.79156494140625
4,0.5667322566732764,-0.9971838593482971,-0.005663326941430569,-3.137148141860962,-1.5683832168579102,181.1202392578125,180.5815887451172,168.6714324951172
