itr,time,loss,theta,phi,gamma,bx,by,bz
0,1.0008245538920164,-0.845905065536499,2.7503232955932617,0.0676768496632576,1.5787477493286133,186.25392150878906,202.01837158203125,166.93344116210938
1,1.086449209600687,-0.8528644442558289,2.7737207412719727,0.09509673714637756,1.609850525856018,185.73097229003906,200.63604736328125,167.097900390625
2,1.1030295128002763,-0.9951263666152954,3.1390035152435303,-0.004828164819628,1.571040153503418,178.23500061035156,180.6328582763672,169.30226135253906
3,1.0796879893168807,-0.9971351027488708,3.118588447570801,-0.004820578265935183,1.5722041130065918,179.71920776367188,181.12562561035156,168.3041229248047
