itr,time,loss,theta,phi,gamma,bx,by,bz
0,1.0714371893554926,-0.8493363857269287,2.8239285945892334,0.052801165729761124,1.5948808193206787,179.87820434570312,203.22772216796875,171.94569396972656
1,1.0844147009775043,-0.990315318107605,3.1216819286346436,-0.01173857320100069,1.5647215843200684,177.39195251464844,180.17926025390625,170.50291442871094
2,1.0570374596863985,-0.9917552471160889,3.1416823863983154,-0.003375324187800288,1.5683473348617554,177.46328735351562,180.00283813476562,170.4159698486328
3,1.0917128650471568,-0.9987239837646484,3.140751600265503,-0.0035054071340709925,1.570892095565796,180.55511474609375,180.07421875,167.98558044433594
