itr,time,loss,theta,phi,gamma,bx,by,bz
0,1.141272097826004,-0.7368600368499756,3.023235559463501,-0.25985610485076904,1.5670841932296753,210.47637939453125,176.94769287109375,172.09762573242188
1,1.0378521736711264,-0.8949995636940002,2.9173684120178223,-0.09898795187473297,1.6835516691207886,185.3122100830078,181.91033935546875,175.3199920654297
2,1.0725077223032713,-0.9776239991188049,3.1058237552642822,-0.028043990954756737,1.5817450284957886,181.42503356933594,183.2913360595703,175.36972045898438
3,1.1143935350701213,-0.99131840467453,3.1494765281677246,-0.007677111774682999,1.5732686519622803,179.32247924804688,178.4727325439453,170.67916870117188
