itr,time,loss,theta,phi,gamma,bx,by,bz
0,0.9889077236875892,-0.8241810202598572,2.9778692722320557,0.14009393751621246,1.6444289684295654,163.70550537109375,205.181396484375,153.697509765625
1,1.0267763519659638,-0.8332585692405701,3.0063235759735107,0.11630961298942566,1.7028248310089111,164.58282470703125,202.2137908935547,154.8282012939453
2,1.0462419036775827,-0.973067581653595,3.1681032180786133,0.033480118960142136,1.5665876865386963,171.82936096191406,177.8402557373047,164.06520080566406
3,1.1179873021319509,-0.9741503596305847,3.183485984802246,0.028372731059789658,1.567137360572815,172.02320861816406,178.40992736816406,163.9324188232422
