itr,time,loss,theta,phi,gamma,bx,by,bz
0,0.9748513894155622,-0.7298461198806763,3.210488796234131,0.1636286824941635,1.5996514558792114,189.78359985351562,158.14083862304688,147.21591186523438
1,1.0443569719791412,-0.7875606417655945,3.5697388648986816,0.05688091367483139,1.5523210763931274,189.59393310546875,158.5275115966797,147.27978515625
2,1.0945162838324904,-0.8728216290473938,3.0958290100097656,0.20565617084503174,1.4841762781143188,182.48699951171875,169.69436645507812,150.13302612304688
3,1.0829972373321652,-0.9613277316093445,3.182541847229004,0.0567631870508194,1.5745856761932373,176.40618896484375,179.7340850830078,153.0004119873047
4,1.0642894441261888,-0.9620431661605835,3.1707098484039307,0.05750322341918945,1.5625605583190918,176.85061645507812,178.98764038085938,152.7728271484375
5,1.180277674458921,-0.9928015470504761,3.1698999404907227,0.011572563089430332,1.5620678663253784,180.88099670410156,177.7510986328125,163.2799072265625
