itr,time,loss,theta,phi,gamma,bx,by,bz
0,1.2307257317006588,-0.8181001543998718,2.985194683074951,0.09664712846279144,1.629896879196167,157.64405822753906,205.91665649414062,163.79794311523438
1,1.0161249656230211,-0.8632480502128601,2.8660242557525635,0.1803743541240692,1.4545743465423584,165.06288146972656,189.12188720703125,164.82675170898438
2,1.1013089334592223,-0.9709731340408325,3.173133134841919,0.021959858015179634,1.5626286268234253,171.5843963623047,177.1205596923828,165.69381713867188
3,1.0337471198290586,-0.9713771939277649,3.1872286796569824,0.02434440515935421,1.5646016597747803,171.96507263183594,176.61769104003906,165.7372283935547
4,1.1025259708985686,-0.9789766073226929,3.1539885997772217,0.007955558598041534,1.5386430025100708,174.28492736816406,177.5751953125,165.76995849609375
