itr,time,loss,theta,phi,gamma,bx,by,bz
0,1.0040993569418788,-0.9020316004753113,3.15523362159729,-0.013710292056202888,1.5824955701828003,160.8941650390625,182.54493713378906,178.63653564453125
1,1.008244564756751,-0.9748141169548035,3.252305507659912,-0.0012271702289581299,1.5422970056533813,177.9467010498047,179.90834045410156,170.01718139648438
2,1.057318838313222,-0.9978185296058655,3.145906686782837,-0.004666344728320837,1.5741194486618042,180.43373107910156,179.6890411376953,168.4835968017578
