itr,time,loss,theta,phi,gamma,bx,by,bz
0,0.9851507488638163,-0.5431916117668152,3.098689079284668,0.43974068760871887,1.7517623901367188,207.1535186767578,155.41026306152344,141.1358184814453
1,1.0081577589735389,-0.6626608967781067,2.9548704624176025,0.6233792304992676,1.5954022407531738,189.90077209472656,161.57284545898438,147.0394744873047
2,1.0314946230500937,-0.8749333620071411,3.422499179840088,0.18295763432979584,1.4778969287872314,176.818115234375,166.30299377441406,150.99917602539062
3,1.0668499320745468,-0.9072239995002747,3.23806095123291,0.1169947013258934,1.4841890335083008,174.64190673828125,167.57638549804688,151.37290954589844
4,1.094550933688879,-0.9342138171195984,3.2319424152374268,0.07817455381155014,1.579501748085022,169.88323974609375,172.84613037109375,153.09222412109375
5,1.1175025086849928,-0.9648110866546631,3.1969010829925537,0.08116095513105392,1.5306663513183594,175.92056274414062,177.1231689453125,155.71543884277344
6,1.1729214144870639,-0.9788652062416077,3.142745018005371,0.025038501247763634,1.5620758533477783,179.77120971679688,180.7893524169922,157.0572509765625
7,1.187845909036696,-0.9944214820861816,3.179967164993286,0.0009813224896788597,1.5619722604751587,180.1421661376953,178.00099182128906,164.3737030029297
