itr,time,loss,theta,phi,gamma,bx,by,bz
0,0.9447540920227766,-0.8442196846008301,3.385768175125122,0.10419069230556488,1.5350093841552734,181.49671936035156,164.0510711669922,141.51708984375
1,0.9898980548605323,-0.8596616983413696,3.3500924110412598,0.22105519473552704,1.4730561971664429,179.5439910888672,167.59132385253906,144.06564331054688
2,1.0399203700944781,-0.9538429379463196,3.1637449264526367,0.06964238733053207,1.5767836570739746,172.5090789794922,180.43814086914062,153.4150390625
3,0.9825699850916862,-0.9584153890609741,3.1483757495880127,0.0307297520339489,1.5381355285644531,173.8286590576172,179.96546936035156,155.0347442626953
