itr,time,loss,theta,phi,gamma,bx,by,bz
0,0.9221472144126892,-0.7778294086456299,2.927516222000122,0.23621687293052673,1.600116491317749,155.54946899414062,205.70016479492188,142.05316162109375
1,0.9286214495077729,-0.7872574925422668,3.038017511367798,0.21277295053005219,1.613095998764038,156.44036865234375,204.00399780273438,143.61805725097656
2,0.943582097068429,-0.9346742630004883,3.26332688331604,0.0847700983285904,1.6400952339172363,168.48854064941406,181.2135772705078,165.13055419921875
3,0.9841408440843225,-0.9783200025558472,3.1353132724761963,0.003997590392827988,1.562258243560791,173.8225555419922,179.14344787597656,170.84144592285156
4,1.064698351547122,-0.9935005903244019,3.1257646083831787,-0.008180806413292885,1.5758904218673706,179.69723510742188,181.36280822753906,170.73593139648438
5,1.023170125670731,-0.9966170787811279,3.141739845275879,-0.008261492475867271,1.5743132829666138,179.65281677246094,179.4755401611328,169.14776611328125
