itr,time,loss,theta,phi,gamma,bx,by,bz
0,1.1240746304392815,-0.8317051529884338,3.043076992034912,0.12714779376983643,1.571720004081726,191.1730194091797,185.2960968017578,141.35830688476562
1,0.9304278306663036,-0.9193496108055115,3.076586961746216,0.12164386361837387,1.5322456359863281,184.66798400878906,180.0091552734375,148.22909545898438
2,0.9377077287063003,-0.9661256670951843,3.1931614875793457,0.02908128872513771,1.5615419149398804,177.56967163085938,174.77822875976562,155.75526428222656
3,1.0057478779926896,-0.979304850101471,3.205423355102539,0.05867016315460205,1.542336106300354,176.7240447998047,178.3535919189453,160.9020233154297
4,0.9151571271941066,-0.993160605430603,3.154581069946289,0.009246904402971268,1.5792633295059204,177.2747039794922,180.67637634277344,164.05589294433594
