itr,time,loss,theta,phi,gamma,bx,by,bz
0,0.908006546087563,-0.9624808430671692,3.208399534225464,0.039770130068063736,1.5627678632736206,180.41285705566406,172.88204956054688,159.1396484375
1,0.9509467016905546,-0.9916321039199829,3.1502931118011475,0.014645513147115707,1.5704976320266724,178.64366149902344,179.60633850097656,160.91795349121094
