itr,time,loss,theta,phi,gamma,bx,by,bz
0,0.9202696615830064,-0.9185272455215454,3.2091686725616455,0.08865728974342346,1.572227954864502,161.92263793945312,175.2251739501953,158.64796447753906
1,0.9172259103506804,-0.9223440885543823,3.1648824214935303,0.09585857391357422,1.5262744426727295,163.02603149414062,175.69915771484375,158.90737915039062
2,1.0122866444289684,-0.9900128841400146,3.128073215484619,0.012891862541437149,1.5749211311340332,178.5367889404297,182.17996215820312,162.5272216796875
3,0.9239259585738182,-0.9986152052879333,3.1447324752807617,0.0031734879594296217,1.5713586807250977,180.33335876464844,179.7014617919922,164.33572387695312
