itr,time,loss,theta,phi,gamma,bx,by,bz
0,1.1080612121149898,-0.7865395545959473,3.6753664016723633,-0.02023395150899887,1.5880905389785767,196.3760223388672,164.9457550048828,180.05430603027344
1,1.0758586330339313,-0.8327973484992981,3.2897565364837646,-0.17042963206768036,1.7531814575195312,182.80303955078125,175.6614532470703,175.3688201904297
2,1.139435657300055,-0.9872477054595947,3.1429688930511475,-0.012960621155798435,1.5711519718170166,178.27552795410156,180.06771850585938,173.04087829589844
3,1.0024603130295873,-0.9882113933563232,3.1443979740142822,-0.018753426149487495,1.5714735984802246,178.28233337402344,180.45046997070312,172.6572723388672
4,1.0573882013559341,-0.9941719770431519,3.130704641342163,-0.011350792832672596,1.576495885848999,181.07533264160156,181.2686004638672,170.2294158935547
