itr,time,loss,theta,phi,gamma,bx,by,bz
0,0.9274220438674092,-0.7789778113365173,2.9934372901916504,0.09395715594291687,1.602863073348999,198.86404418945312,168.51864624023438,152.6710662841797
1,0.9203576203435659,-0.7797912955284119,2.9793386459350586,0.08770892024040222,1.5979297161102295,198.85279846191406,168.52760314941406,152.6738739013672
2,0.9560178620740771,-0.9310105443000793,3.3398022651672363,0.09221494197845459,1.5433714389801025,186.50772094726562,178.29769897460938,156.0518798828125
3,1.06649667955935,-0.9770731925964355,3.1329689025878906,0.023394111543893814,1.567943811416626,181.41734313964844,181.6124267578125,157.42684936523438
4,1.0089253149926662,-0.984092652797699,3.1513025760650635,0.04608522355556488,1.5612034797668457,180.73272705078125,180.34225463867188,159.1181640625
5,0.9704354098066688,-0.993896484375,3.1572468280792236,0.010773547925055027,1.5691893100738525,178.45089721679688,178.66738891601562,162.40457153320312
