itr,time,loss,theta,phi,gamma,bx,by,bz
0,0.907218124717474,-0.8528554439544678,3.03338623046875,0.048403676599264145,1.6208759546279907,160.66580200195312,199.30685424804688,173.58877563476562
1,0.9237448992207646,-0.8531849384307861,3.0470123291015625,0.043483830988407135,1.6194401979446411,160.6906280517578,199.25962829589844,173.57659912109375
2,0.9606504933908582,-0.9727374911308289,3.1658146381378174,0.018961569294333458,1.5575791597366333,172.2296600341797,177.08457946777344,167.9986114501953
3,0.9498353321105242,-0.9730296730995178,3.176898241043091,0.0211871936917305,1.5663599967956543,172.55076599121094,176.71534729003906,167.86959838867188
