itr,time,loss,theta,phi,gamma,bx,by,bz
0,0.9544168096035719,-0.8521387577056885,3.180774688720703,0.1795882135629654,1.5909940004348755,150.14389038085938,183.3628692626953,150.5604705810547
1,0.9693247368559241,-0.8531567454338074,3.1956841945648193,0.19243057072162628,1.5936708450317383,150.42691040039062,183.25936889648438,150.709716796875
2,1.0571381682530046,-0.9359843730926514,3.327688455581665,0.12297913432121277,1.539484977722168,174.08799743652344,174.25616455078125,162.91139221191406
3,1.0728239910677075,-0.9716924428939819,3.1951863765716553,0.02900916337966919,1.5534666776657104,175.36825561523438,173.72265625,163.55889892578125
