itr,time,loss,theta,phi,gamma,bx,by,bz
0,1.098477041348815,-0.9478245973587036,3.2049596309661865,-0.025460371747612953,1.5473695993423462,183.427734375,175.99501037597656,178.88565063476562
1,1.0716160396113992,-0.9836312532424927,3.109550714492798,-0.02016298845410347,1.580295205116272,180.84738159179688,182.56988525390625,173.9851531982422
2,1.0394508633762598,-0.9860634803771973,3.1434237957000732,-0.02355695329606533,1.57124924659729,180.7876434326172,181.3432159423828,173.595458984375
3,1.0454430552199483,-0.9979212880134583,3.1439831256866455,0.0014469322049990296,1.5703204870224,178.43429565429688,179.90406799316406,167.3627166748047
