itr,time,loss,theta,phi,gamma,bx,by,bz
0,1.0090895676985383,-0.9198741912841797,2.919487714767456,0.0041772471740841866,1.5758609771728516,184.49656677246094,192.73243713378906,171.3654327392578
1,1.0242107948288321,-0.9927034974098206,3.1423091888427734,-0.012277376838028431,1.5706382989883423,180.86488342285156,180.07833862304688,171.2440948486328
2,1.026285806670785,-0.992905855178833,3.1403770446777344,-0.012687143869698048,1.5747835636138916,180.92251586914062,180.36534118652344,171.1938018798828
3,1.1003897516056895,-0.9932566285133362,3.123974323272705,-0.010498412884771824,1.5743509531021118,180.89390563964844,180.6051025390625,170.99264526367188
4,1.160097417421639,-0.9947771430015564,3.152273654937744,-0.002330929506570101,1.5738331079483032,180.380859375,180.14146423339844,170.19876098632812
