itr,time,loss,theta,phi,gamma,bx,by,bz
0,1.0793513264507055,-0.9162632822990417,3.2201249599456787,0.015034394338726997,1.5354912281036377,170.04730224609375,169.5927734375,175.3204345703125
1,1.1159105291590095,-0.9644125699996948,3.1903719902038574,-0.016718825325369835,1.6093220710754395,172.95216369628906,178.17396545410156,171.05006408691406
2,1.1794322757050395,-0.9987620711326599,3.128849506378174,-0.00015135218563955277,1.5722887516021729,180.11651611328125,179.8157196044922,167.43362426757812
