itr,time,loss,theta,phi,gamma,bx,by,bz
0,1.054613129235804,-0.8184806704521179,3.0962445735931396,0.13736844062805176,1.5823845863342285,193.60247802734375,174.29287719726562,140.60675048828125
1,1.1448473446071148,-0.8665034770965576,3.345557928085327,0.11656051129102707,1.4928336143493652,189.09129333496094,176.310546875,143.77850341796875
2,1.1434784857556224,-0.9595681428909302,3.152418613433838,0.05094049125909805,1.5748716592788696,175.96237182617188,181.4886932373047,153.2947998046875
3,1.0107526816427708,-0.9894267320632935,3.1652963161468506,0.013497136533260345,1.5653833150863647,177.2368927001953,177.1893310546875,162.9971466064453
4,1.2470437213778496,-0.9903059601783752,3.1770987510681152,0.015234408900141716,1.5593130588531494,177.65069580078125,177.32701110839844,163.02389526367188
