itr,time,loss,theta,phi,gamma,bx,by,bz
0,1.0405868412926793,-0.8140636682510376,3.3005778789520264,0.2295045703649521,1.588289499282837,150.9778289794922,167.4514923095703,138.42529296875
1,0.9965076986700296,-0.8207758665084839,3.2695181369781494,0.1441659927368164,1.5354241132736206,153.2548828125,168.81288146972656,139.70921325683594
2,1.1158326147124171,-0.9039981365203857,3.386003255844116,0.12056515365839005,1.4997498989105225,176.05181884765625,180.80384826660156,153.84881591796875
3,1.1318859169259667,-0.9851545691490173,3.135824680328369,0.015892744064331055,1.5739883184432983,181.39073181152344,180.5092315673828,159.1181182861328
4,1.1029779585078359,-0.9890263676643372,3.1371631622314453,0.009559215977787971,1.5821374654769897,182.04855346679688,179.28269958496094,161.1809539794922
5,1.1152908504009247,-0.992522656917572,3.1594953536987305,0.006709568202495575,1.5565391778945923,181.58892822265625,179.23800659179688,162.49765014648438
