itr,time,loss,theta,phi,gamma,bx,by,bz
0,1.0090604219585657,-0.8080477714538574,3.3566086292266846,0.08090241998434067,1.4968371391296387,150.9897003173828,157.25399780273438,170.37222290039062
1,1.004844850860536,-0.8104305267333984,3.329793930053711,0.13341931998729706,1.5036836862564087,151.31602478027344,157.857177734375,170.16250610351562
2,1.0577754061669111,-0.9141640663146973,3.1367077827453613,0.040196023881435394,1.6437534093856812,163.3933563232422,180.24923706054688,161.16671752929688
3,1.0922462679445744,-0.9372490048408508,3.150221586227417,0.07287344336509705,1.578550100326538,165.288330078125,182.8364715576172,160.26271057128906
4,1.0886750956997275,-0.9933496117591858,3.178840398788452,-0.012661414220929146,1.5634243488311768,178.65121459960938,179.0395050048828,163.7965545654297
5,1.1781351622194052,-0.9987030029296875,3.150066375732422,0.0024661484640091658,1.5681097507476807,180.37054443359375,179.7083282470703,164.5782928466797
