itr,time,loss,theta,phi,gamma,bx,by,bz
0,1.0344381192699075,-0.8768356442451477,3.1267194747924805,-0.06192835420370102,1.5860755443572998,164.655517578125,187.99774169921875,189.02926635742188
1,0.9796631932258606,-0.9069610834121704,3.0960896015167236,-0.0013873690040782094,1.4908068180084229,170.4785919189453,183.29595947265625,183.20504760742188
2,1.1005854979157448,-0.9808911681175232,3.188046932220459,-0.01780972070991993,1.5676002502441406,180.0895538330078,177.491455078125,173.0791015625
3,1.0780532211065292,-0.99305659532547,3.1790378093719482,-0.007661143317818642,1.5737390518188477,182.10421752929688,180.156005859375,167.7595672607422
