itr,time,loss,theta,phi,gamma,bx,by,bz
0,1.0542254382744431,-0.8449901938438416,3.441127300262451,-0.003386747557669878,1.551733136177063,183.37384033203125,161.3759765625,171.53976440429688
1,0.9913297593593597,-0.8456339836120605,3.427522897720337,-0.013739658519625664,1.548285722732544,183.34886169433594,161.43309020996094,171.5252227783203
2,1.0503856977447867,-0.9618982076644897,3.137347459793091,0.08064937591552734,1.5037052631378174,176.88047790527344,176.4581756591797,168.49322509765625
3,0.9903804417699575,-0.9939060211181641,3.1290977001190186,0.008532525971531868,1.565197467803955,177.06982421875,179.27603149414062,166.57098388671875
