itr,time,loss,theta,phi,gamma,bx,by,bz
0,0.9521189229562879,-0.8859444856643677,3.1175053119659424,0.025860609486699104,1.6031181812286377,160.0736083984375,190.99093627929688,174.77716064453125
1,0.9968686131760478,-0.9320221543312073,3.0078125,0.09726405143737793,1.547307014465332,169.3615264892578,182.11691284179688,171.215576171875
2,1.114953227341175,-0.9854913949966431,3.179882526397705,-0.009436888620257378,1.568071722984314,176.8952178955078,176.68087768554688,168.3313751220703
