itr,time,loss,theta,phi,gamma,bx,by,bz
0,0.9843025282025337,-0.8463026285171509,3.3878743648529053,0.06084747985005379,1.5212299823760986,172.82225036621094,156.73419189453125,162.52474975585938
1,0.9449514076113701,-0.9636822938919067,3.183711290359497,0.04439346864819527,1.573108434677124,170.481201171875,178.7087860107422,160.02626037597656
2,1.0611203936859965,-0.9834234118461609,3.1452198028564453,0.0307634174823761,1.5507756471633911,175.21148681640625,179.02810668945312,161.82215881347656
