itr,time,loss,theta,phi,gamma,bx,by,bz
0,0.9878287361934781,-0.8648096323013306,3.091287612915039,0.018020542338490486,1.6088628768920898,160.73492431640625,196.0413818359375,176.02706909179688
1,1.002086971886456,-0.8656619191169739,3.0748813152313232,0.019254056736826897,1.616106629371643,160.7770538330078,195.9739227294922,176.00209045410156
2,1.0472288252785802,-0.8838130831718445,2.937870740890503,0.030097514390945435,1.599700689315796,164.1596221923828,190.835205078125,174.03683471679688
3,1.074048058129847,-0.9804441332817078,3.1679341793060303,0.004673372488468885,1.562517762184143,174.72561645507812,177.111572265625,169.4529266357422
