itr,time,loss,theta,phi,gamma,bx,by,bz
0,1.0784611934795976,-0.8328550457954407,2.6449267864227295,0.05425213277339935,1.592435359954834,189.9832000732422,202.9231414794922,169.23907470703125
1,1.1129372315481305,-0.8371630907058716,2.6764748096466064,0.07827157527208328,1.5867247581481934,189.6988983154297,202.20143127441406,169.3238983154297
2,1.0385851953178644,-0.9881832599639893,3.1592354774475098,-0.025728434324264526,1.5671722888946533,181.55783081054688,181.66708374023438,171.21592712402344
3,1.1065002623945475,-0.9931198954582214,3.1515769958496094,-0.007640160154551268,1.578099250793457,180.61183166503906,179.90293884277344,170.86691284179688
4,1.000201658345759,-0.9987403750419617,3.1396257877349854,3.6020472180098295e-05,1.5706965923309326,178.924072265625,180.25677490234375,167.24313354492188
