itr,time,loss,theta,phi,gamma,bx,by,bz
0,0.980552027001977,-0.8299992680549622,2.8553707599639893,0.08300492912530899,1.6133042573928833,173.4336395263672,206.9541015625,165.06741333007812
1,1.0455351592972875,-0.915215015411377,3.0533413887023926,0.11842623353004456,1.5113563537597656,173.35708618164062,189.3280487060547,165.21397399902344
2,1.0800972022116184,-0.9817621111869812,3.1611764430999756,0.023597916588187218,1.5734466314315796,173.49435424804688,180.0890350341797,165.28558349609375
