itr,time,loss,theta,phi,gamma,bx,by,bz
0,1.0526422383263707,-0.9086692929267883,3.202073812484741,0.0571192242205143,1.5452982187271118,160.87843322753906,172.7303466796875,168.57186889648438
1,0.9904351430013776,-0.9122891426086426,3.1525449752807617,0.023401105776429176,1.5779399871826172,162.2423858642578,173.515869140625,168.3196563720703
2,1.0357528990134597,-0.9986411929130554,3.1239752769470215,0.004217036068439484,1.5642725229263306,180.0402069091797,179.96961975097656,165.8212432861328
