itr,time,loss,theta,phi,gamma,bx,by,bz
0,1.0325180888175964,-0.9133431315422058,3.1676950454711914,0.09354235976934433,1.5892244577407837,160.8512725830078,183.9475555419922,159.1940460205078
1,0.966252114623785,-0.9846804141998291,3.197514057159424,0.05769927799701691,1.5582915544509888,178.01271057128906,177.7454376220703,163.97215270996094
2,1.042959832586348,-0.9935770034790039,3.157181739807129,0.008574019186198711,1.563933253288269,178.70870971679688,177.5657196044922,164.17259216308594
