itr,time,loss,theta,phi,gamma,bx,by,bz
0,0.9813968688249588,-0.8386116027832031,3.338374614715576,0.09051290154457092,1.4763017892837524,189.68930053710938,170.1536865234375,144.27056884765625
1,1.0026832269504666,-0.9362794756889343,3.197695255279541,0.05533083528280258,1.6295591592788696,180.0183563232422,177.57968139648438,150.30911254882812
2,1.087462516501546,-0.9598919749259949,3.161357879638672,0.05445631220936775,1.569841980934143,176.04611206054688,180.63352966308594,152.92930603027344
3,1.0583823155611753,-0.9609732031822205,3.1887547969818115,0.0437617301940918,1.5772581100463867,176.95913696289062,179.9058380126953,152.98388671875
4,1.1492699710652232,-0.9813523292541504,3.20137882232666,0.04263991862535477,1.5280147790908813,178.2036895751953,178.22048950195312,161.93670654296875
5,1.1545861531049013,-0.9977371096611023,3.129779577255249,0.005174173973500729,1.577323079109192,179.24005126953125,179.68023681640625,167.2523651123047
