itr,time,loss,theta,phi,gamma,bx,by,bz
0,1.1163921086117625,-0.7436765432357788,1.9795761108398438,0.2461044192314148,1.67148756980896,202.8197021484375,201.80615234375,179.57078552246094
1,1.018461586907506,-0.7819478511810303,2.3076446056365967,0.1512083262205124,1.7029849290847778,202.70726013183594,201.74684143066406,179.63401794433594
2,1.136839740909636,-0.7859684228897095,2.3271090984344482,0.12706825137138367,1.6794943809509277,202.61984252929688,201.6561737060547,179.6479034423828
3,1.0968329533934593,-0.8434275388717651,2.5151894092559814,0.11711278557777405,1.6436889171600342,196.45611572265625,193.52883911132812,180.26986694335938
4,1.1138940760865808,-0.9477649331092834,3.118790626525879,-0.041485726833343506,1.5609303712844849,185.6696319580078,179.90707397460938,181.2998504638672
5,1.1570578832179308,-0.9487826228141785,3.117330551147461,-0.057767610996961594,1.5723962783813477,185.20472717285156,179.4412384033203,181.2555389404297
6,1.1936819218099117,-0.9612987041473389,3.2366485595703125,-0.03394604101777077,1.573223352432251,180.01820373535156,178.75933837890625,178.05857849121094
7,1.1859252285212278,-0.9839133620262146,3.1246111392974854,-0.01506452914327383,1.574426531791687,177.38465881347656,181.89512634277344,173.24671936035156
