itr,time,loss,theta,phi,gamma,bx,by,bz
0,0.9614226371049881,-0.7767316699028015,3.305220365524292,0.0057913437485694885,1.4723414182662964,151.51571655273438,160.27517700195312,188.70631408691406
1,0.9678526921197772,-0.7769702672958374,3.3165123462677,-5.9172569308429956e-05,1.4701640605926514,151.52252197265625,160.28793334960938,188.69691467285156
2,1.0396807566285133,-0.7793828845024109,3.2630515098571777,0.03863097354769707,1.433024525642395,152.1041717529297,161.31358337402344,187.94044494628906
3,1.085004659369588,-0.9388381838798523,3.115377902984619,0.0013319873251020908,1.5814145803451538,166.79673767089844,185.5426483154297,169.60662841796875
4,1.1011692443862557,-0.9473317861557007,3.218893051147461,0.00947491079568863,1.560102105140686,168.6707305908203,183.75048828125,169.5034637451172
