itr,time,loss,theta,phi,gamma,bx,by,bz
0,0.9990667439997196,-0.8149406313896179,3.2956478595733643,-0.08549759536981583,1.5292567014694214,173.8662567138672,167.26907348632812,196.355224609375
1,1.029713287949562,-0.8722673654556274,3.393253803253174,-0.11807703971862793,1.6043840646743774,174.16387939453125,177.19517517089844,188.44149780273438
2,1.0826469929888844,-0.9824880361557007,3.145648241043091,0.0005001820391044021,1.5432425737380981,180.2837371826172,182.40086364746094,171.46450805664062
3,1.0145668582990766,-0.9966101050376892,3.134398937225342,-0.008229286409914494,1.5727602243423462,181.7815399169922,180.5904541015625,168.117431640625
