itr,time,loss,theta,phi,gamma,bx,by,bz
0,0.9803039785474539,-0.8540738224983215,2.671884059906006,-0.002906754845753312,1.589051604270935,192.92269897460938,197.47714233398438,187.72523498535156
1,1.0296333329752088,-0.8549043536186218,2.6520400047302246,0.015514356084167957,1.5967930555343628,192.9121856689453,197.402587890625,187.7069549560547
2,1.1446151500567794,-0.8873629570007324,2.6407809257507324,-0.0033549524378031492,1.5729527473449707,191.823974609375,188.66041564941406,185.65040588378906
3,1.0971141727641225,-0.9037036895751953,3.0143768787384033,-0.04915658384561539,1.623305320739746,191.4483642578125,184.8201446533203,184.48184204101562
4,1.1225129598751664,-0.9154374003410339,3.089202642440796,-0.04960260167717934,1.5693904161453247,190.46697998046875,178.1713409423828,182.81605529785156
5,1.1397617934271693,-0.9451825022697449,3.0586235523223877,0.03675854951143265,1.5568926334381104,184.43853759765625,182.47181701660156,179.99984741210938
6,1.1972384667024016,-0.9789188504219055,3.1466825008392334,-0.016111504286527634,1.5708675384521484,177.0792999267578,180.12928771972656,175.20858764648438
7,1.1961419815197587,-0.9803357124328613,3.123466730117798,-0.022871144115924835,1.5713120698928833,178.29742431640625,181.3019561767578,175.3445281982422
