itr,time,loss,theta,phi,gamma,bx,by,bz
0,0.9608068540692329,-0.8837026953697205,3.226447582244873,0.07122349739074707,1.5276648998260498,158.9959716796875,167.4887237548828,167.15834045410156
1,1.0246857665479183,-0.9087032079696655,3.0594823360443115,0.11835604906082153,1.4964083433151245,164.57203674316406,173.00686645507812,166.0590362548828
2,1.1282758992165327,-0.9819349646568298,3.144984245300293,0.024988630786538124,1.581254482269287,174.9289093017578,182.74978637695312,164.15650939941406
