itr,time,loss,theta,phi,gamma,bx,by,bz
0,1.0752129117026925,-0.7494811415672302,3.5639078617095947,-0.03621862456202507,1.5728209018707275,188.84059143066406,158.76756286621094,189.8005828857422
1,1.047812675125897,-0.7529148459434509,3.586148738861084,-0.015042221173644066,1.576131820678711,188.69825744628906,159.07725524902344,189.63604736328125
2,1.2034870823845267,-0.8156103491783142,3.7557876110076904,0.03346801549196243,1.5859776735305786,181.91485595703125,173.9742431640625,181.66799926757812
3,1.1040305513888597,-0.8982656002044678,3.4197165966033936,-0.09662628173828125,1.5562785863876343,181.79693603515625,173.9833984375,181.3304443359375
4,1.14688700158149,-0.9752663969993591,3.1279590129852295,-0.025682829320430756,1.5758039951324463,178.013671875,181.86495971679688,176.71075439453125
5,1.1103648785501719,-0.9923770427703857,3.174642562866211,-0.01090301014482975,1.5827597379684448,180.1976776123047,179.01690673828125,169.77403259277344
