itr,time,loss,theta,phi,gamma,bx,by,bz
0,1.0550098158419132,-0.8709576725959778,3.1593217849731445,-0.06661245971918106,1.5629055500030518,162.69281005859375,181.27577209472656,190.68771362304688
1,0.9834065483883023,-0.8724751472473145,3.194810628890991,-0.0703238993883133,1.5561952590942383,162.91806030273438,181.28726196289062,190.4737548828125
2,1.0805794168263674,-0.9896315336227417,3.1240806579589844,-0.012778129428625107,1.578912377357483,181.68161010742188,182.13218688964844,171.39503479003906
3,1.099076104350388,-0.9919701218605042,3.110138416290283,-0.014423104003071785,1.5835764408111572,181.79183959960938,181.39027404785156,170.2299346923828
4,1.0458141695708036,-0.9974327683448792,3.1453940868377686,-0.004271989688277245,1.5689588785171509,180.9287872314453,179.28759765625,168.0655517578125
