itr,time,loss,theta,phi,gamma,bx,by,bz
0,0.9828557455912232,-0.8396033048629761,3.2688992023468018,0.20260629057884216,1.5792220830917358,153.47894287109375,171.66806030273438,141.81277465820312
1,1.072730372659862,-0.8403803706169128,3.2260069847106934,0.222319096326828,1.5679508447647095,153.75424194335938,171.75076293945312,142.09263610839844
2,1.058548090979457,-0.8631247878074646,3.132565975189209,0.17299231886863708,1.4524972438812256,159.1287384033203,173.45562744140625,147.66571044921875
3,1.0866250908002257,-0.9984596371650696,3.14225697517395,-0.002687651664018631,1.570871114730835,179.30799865722656,179.95364379882812,168.10275268554688
4,0.1795970145612955,-0.9984622597694397,3.14180064201355,-0.0021991245448589325,1.5708235502243042,179.27182006835938,179.94187927246094,168.0655059814453
5,0.9417282054200768,-0.9984632730484009,3.142011880874634,-0.002251638565212488,1.5709232091903687,179.2712860107422,179.94175720214844,168.06451416015625
6,0.24460464715957642,-0.9984634518623352,3.1420061588287354,-0.002272709272801876,1.5709176063537598,179.27273559570312,179.94223022460938,168.06590270996094
