itr,time,loss,theta,phi,gamma,bx,by,bz
0,1.0296013429760933,-0.9507683515548706,3.113037109375,0.05060502141714096,1.587953805923462,170.52194213867188,186.44313049316406,162.15415954589844
1,0.9944781586527824,-0.9939315915107727,3.1558897495269775,0.011906852014362812,1.5643202066421509,177.67257690429688,178.1780548095703,164.310791015625
