itr,time,loss,theta,phi,gamma,bx,by,bz
0,1.0732135437428951,-0.8444476127624512,3.286702871322632,0.16061626374721527,1.5326651334762573,151.8795623779297,163.13339233398438,156.96546936035156
1,1.1406354634091258,-0.8555729985237122,3.139174222946167,0.15659768879413605,1.519163727760315,154.7294921875,166.15675354003906,157.33238220214844
2,1.0602454990148544,-0.9486509561538696,3.1357076168060303,0.11394631117582321,1.5284842252731323,171.45736694335938,182.45123291015625,159.11776733398438
3,1.0913193011656404,-0.9666392207145691,3.1400387287139893,0.040301717817783356,1.5889463424682617,173.432373046875,183.51254272460938,159.1588592529297
4,1.062527995556593,-0.995621383190155,3.1325128078460693,0.005995181389153004,1.5704801082611084,180.38316345214844,179.64541625976562,162.65655517578125
