itr,time,loss,theta,phi,gamma,bx,by,bz
0,1.0215941416099668,-0.8337376713752747,2.8705639839172363,-0.028622889891266823,1.6103055477142334,178.35362243652344,202.546875,187.00289916992188
1,1.1863846126943827,-0.9015543460845947,2.94059419631958,0.10085225850343704,1.5006260871887207,179.4004669189453,187.07855224609375,181.2239990234375
2,1.039955929853022,-0.9699398279190063,3.1357719898223877,-0.033265143632888794,1.57536780834198,180.16481018066406,179.92739868164062,178.37979125976562
3,1.1085971090942621,-0.9928849339485168,3.1649363040924072,0.011882179416716099,1.590004563331604,180.0948486328125,179.4890899658203,167.837890625
