itr,time,loss,theta,phi,gamma,bx,by,bz
0,1.0856748819351196,-0.23681209981441498,1.9829646348953247,-0.9021364450454712,1.4170596599578857,151.37559509277344,206.8033447265625,150.7095489501953
1,0.9957850985229015,-0.6487438678741455,1.8096500635147095,0.09584739804267883,1.8695590496063232,151.68141174316406,207.2406463623047,150.65066528320312
2,1.0941575318574905,-0.7284677028656006,2.5435099601745605,0.33760401606559753,1.3633474111557007,151.9477996826172,207.41915893554688,150.5560302734375
3,1.1363344099372625,-0.791594922542572,3.0015220642089844,0.1897229254245758,1.6488574743270874,153.24839782714844,206.3723907470703,150.7095489501953
4,1.1083456268534064,-0.7992939949035645,3.013786554336548,0.1515762358903885,1.6468055248260498,154.16404724121094,205.111572265625,151.23492431640625
5,1.155223230831325,-0.9538168907165527,3.2691195011138916,0.03471791744232178,1.6370267868041992,173.97357177734375,178.51226806640625,161.9676971435547
6,1.1304292595013976,-0.9829975366592407,3.1688363552093506,0.022703785449266434,1.560957908630371,175.35548400878906,176.8265838623047,162.40216064453125
7,1.142560901120305,-0.9982202053070068,3.146700143814087,0.006496604066342115,1.5690414905548096,180.377685546875,179.7121124267578,164.06097412109375
