itr,time,loss,theta,phi,gamma,bx,by,bz
0,0.9605005905032158,-0.7918123006820679,2.9762821197509766,0.2026311755180359,1.6110565662384033,150.86012268066406,204.09422302246094,149.62855529785156
1,1.0013251807540655,-0.7921775579452515,2.984410524368286,0.22452221810817719,1.61600661277771,150.89476013183594,204.05030822753906,149.65377807617188
2,1.0077089993283153,-0.801957905292511,2.9449429512023926,0.17502257227897644,1.5257147550582886,153.04676818847656,201.28883361816406,151.26856994628906
3,1.1128163877874613,-0.9051207900047302,2.911616325378418,0.1492888182401657,1.531516432762146,170.4438018798828,179.42141723632812,163.8835906982422
4,1.1097966944798827,-0.9948376417160034,3.1543500423431396,0.0008858275832608342,1.5740790367126465,177.5259552001953,178.8058624267578,166.87057495117188
