itr,time,loss,theta,phi,gamma,bx,by,bz
0,1.0948582254350185,-0.809047520160675,2.8066630363464355,0.17505118250846863,1.599064588546753,173.7411651611328,208.07315063476562,151.75213623046875
1,1.1549841836094856,-0.8119984865188599,2.7699999809265137,0.21971875429153442,1.602011799812317,173.59205627441406,206.7091827392578,152.2726287841797
2,1.0887729106470942,-0.8404911160469055,2.6786887645721436,0.22500719130039215,1.5079036951065063,172.31234741210938,194.11891174316406,157.1473388671875
3,1.0924964817240834,-0.9480505585670471,3.3123815059661865,-0.0014271512627601624,1.5337315797805786,171.38043212890625,175.55953979492188,165.05401611328125
4,1.1066166628152132,-0.9750441908836365,3.1363086700439453,0.04743485897779465,1.5737402439117432,172.387451171875,180.3157196044922,163.20155334472656
