itr,time,loss,theta,phi,gamma,bx,by,bz
0,0.9630142226815224,-0.9331560134887695,3.1745693683624268,0.06601694971323013,1.5851396322250366,165.8427734375,179.7898406982422,155.16392517089844
1,1.4319911422207952,-0.9937195777893066,3.163550853729248,0.009046082384884357,1.567549705505371,179.8738250732422,177.8102264404297,162.95736694335938
2,1.0931917680427432,-0.9986912608146667,3.1400370597839355,0.0037241263780742884,1.5714720487594604,180.44479370117188,180.12855529785156,164.48165893554688
