itr,time,loss,theta,phi,gamma,bx,by,bz
0,1.0093381237238646,-0.7796930074691772,2.618129014968872,0.0706910714507103,1.6334662437438965,191.35540771484375,210.53643798828125,176.0299530029297
1,1.0464970767498016,-0.9229891300201416,2.8860952854156494,0.08509323000907898,1.5346964597702026,177.2181396484375,183.35580444335938,175.34967041015625
2,1.089980066753924,-0.9767935276031494,3.1313893795013428,-0.0208789873868227,1.572824478149414,176.37078857421875,181.72764587402344,175.2062530517578
3,1.0781313264742494,-0.98447185754776,3.1982510089874268,-0.013444093056023121,1.5697658061981201,177.95401000976562,179.54978942871094,172.22537231445312
4,1.1419435441493988,-0.996854841709137,3.140693187713623,-0.006364078726619482,1.5696375370025635,181.22967529296875,179.74180603027344,168.67626953125
