itr,time,loss,theta,phi,gamma,bx,by,bz
0,0.9496495239436626,-0.9026227593421936,3.1516149044036865,0.09251051396131516,1.599587321281433,159.58526611328125,186.77096557617188,160.36056518554688
1,1.0021961266174912,-0.9471486210823059,3.065476417541504,0.00990109983831644,1.6251966953277588,172.01425170898438,179.3095245361328,163.55258178710938
2,1.0624026274308562,-0.9878035187721252,3.170743227005005,0.01339544914662838,1.5669384002685547,176.94961547851562,176.57733154296875,164.82525634765625
