itr,time,loss,theta,phi,gamma,bx,by,bz
0,1.0227631460875273,-0.7506330609321594,2.4922666549682617,0.09110799431800842,1.6165313720703125,202.87586975097656,201.99270629882812,163.06903076171875
1,1.0499141793698072,-0.7558419108390808,2.5329678058624268,0.1336006224155426,1.6456732749938965,202.2595977783203,201.58299255371094,163.177001953125
2,1.1063142670318484,-0.8941085934638977,2.7314889430999756,0.12672212719917297,1.4890497922897339,182.73855590820312,188.09678649902344,166.5979766845703
3,1.1779281962662935,-0.9892937541007996,3.1329233646392822,0.0009491225937381387,1.5778571367263794,176.97557067871094,182.6302490234375,167.66172790527344
4,1.106096914038062,-0.9985870122909546,3.1565372943878174,-0.001699937041848898,1.570428729057312,179.17005920410156,179.70314025878906,167.27420043945312
