itr,time,loss,theta,phi,gamma,bx,by,bz
0,1.040627395734191,-0.9075064063072205,3.2438247203826904,0.08566460758447647,1.5458331108093262,181.23399353027344,174.27767944335938,143.65081787109375
1,0.9835048848763108,-0.9087716341018677,3.2141761779785156,0.07770640403032303,1.5508811473846436,181.18008422851562,174.35015869140625,143.8028564453125
2,1.0594584308564663,-0.9782788753509521,3.1397316455841064,0.02936725877225399,1.5809439420700073,175.4346923828125,182.54263305664062,160.3359832763672
3,1.1010779524222016,-0.982147216796875,3.1395013332366943,0.04321274906396866,1.5550612211227417,176.56289672851562,181.16136169433594,160.2401885986328
4,1.1402914226055145,-0.9979673624038696,3.1485610008239746,0.002985832281410694,1.5685707330703735,178.47996520996094,179.2273712158203,166.19766235351562
