itr,time,loss,theta,phi,gamma,bx,by,bz
0,1.0227670706808567,-0.5223568081855774,3.486201286315918,-0.128395214676857,1.364463448524475,207.76698303222656,152.94125366210938,166.59249877929688
1,1.498096538707614,-0.5360977649688721,3.457415819168091,-0.20633740723133087,1.4137383699417114,207.7350311279297,152.96604919433594,166.60263061523438
2,1.0227754851803184,-0.7220851182937622,3.268723487854004,-0.24109895527362823,1.3065046072006226,194.94918823242188,165.94906616210938,170.58950805664062
3,1.0560975428670645,-0.9818475246429443,3.1319644451141357,-0.016901062801480293,1.58270263671875,181.90292358398438,180.45787048339844,174.6116943359375
4,1.064745674841106,-0.996476948261261,3.154860258102417,0.008829563856124878,1.5552968978881836,180.3210906982422,179.92921447753906,167.41461181640625
