itr,time,loss,theta,phi,gamma,bx,by,bz
0,1.05490986071527,-0.8202890157699585,2.9347808361053467,-0.029959971085190773,1.6240274906158447,170.5631561279297,203.0457763671875,188.4998779296875
1,1.0171026652678847,-0.8602908849716187,2.8871617317199707,0.016602791845798492,1.4710111618041992,172.8909149169922,192.70748901367188,183.3136444091797
2,1.0477168848738074,-0.973261296749115,3.154141902923584,-0.021596595644950867,1.5666961669921875,176.29954528808594,178.71250915527344,175.93118286132812
3,1.0563449431210756,-0.981791079044342,3.1017510890960693,-0.023104893043637276,1.5949428081512451,177.8779296875,181.0175018310547,173.33209228515625
4,1.1439360277727246,-0.9984290599822998,3.139739513397217,-0.004545646719634533,1.570629358291626,181.13510131835938,180.09364318847656,167.56900024414062
