itr,time,loss,theta,phi,gamma,bx,by,bz
0,1.0184033773839474,-0.8097971677780151,2.9388625621795654,0.18039442598819733,1.6332781314849854,172.81179809570312,199.02378845214844,139.3369903564453
1,0.9978270381689072,-0.967290997505188,3.1740753650665283,0.037081487476825714,1.570227026939392,170.61740112304688,178.72225952148438,162.23094177246094
2,1.0338815711438656,-0.9707098603248596,3.123640775680542,0.041013725101947784,1.5694403648376465,171.80783081054688,178.34930419921875,163.15769958496094
