itr,time,loss,theta,phi,gamma,bx,by,bz
0,0.9656504783779383,-0.8621950149536133,3.0145180225372314,-0.08875296264886856,1.594252347946167,174.95782470703125,193.2133331298828,194.457763671875
1,1.0406039031222463,-0.9362763166427612,3.0367722511291504,-0.06558280438184738,1.5709459781646729,179.55262756347656,178.50741577148438,182.34884643554688
2,1.0802475912496448,-0.9940614104270935,3.131361484527588,-0.009060253389179707,1.5717774629592896,182.85194396972656,180.459228515625,167.75588989257812
