itr,time,loss,theta,phi,gamma,bx,by,bz
0,0.9663762180134654,-0.7994608283042908,3.364955186843872,0.057142872363328934,1.4987596273422241,151.19264221191406,159.29092407226562,179.14845275878906
1,1.146659373305738,-0.8006466627120972,3.3304824829101562,0.04994412139058113,1.4841907024383545,151.25604248046875,159.3992462158203,179.08885192871094
2,1.0310665471479297,-0.9368286728858948,3.108912467956543,0.05982697010040283,1.573688268661499,166.40426635742188,185.7116241455078,163.65724182128906
3,1.0566645776852965,-0.9409663677215576,3.1582179069519043,0.04023207724094391,1.5929498672485352,166.05966186523438,184.2855682373047,164.41098022460938
4,1.1275192629545927,-0.9588912725448608,3.2348642349243164,-0.011403795331716537,1.571731686592102,170.1173553466797,176.72634887695312,167.52174377441406
5,1.0339472452178597,-0.9989323019981384,3.145794153213501,0.0032867263071238995,1.570225477218628,179.81912231445312,179.61776733398438,164.56494140625
