itr,time,loss,theta,phi,gamma,bx,by,bz
0,1.0417595636099577,-0.8472478985786438,3.2138967514038086,-0.018388917669653893,1.5249335765838623,158.94259643554688,170.0794677734375,186.32337951660156
1,1.0550515996292233,-0.8598902821540833,3.236675977706909,-0.01278172992169857,1.461075782775879,161.3245086669922,172.52932739257812,184.08815002441406
2,1.0556192621588707,-0.9223967790603638,2.9488301277160645,0.0723930075764656,1.5021835565567017,172.14859008789062,182.69476318359375,174.0833740234375
3,1.1705952798947692,-0.9771227240562439,3.1267454624176025,-0.007082636468112469,1.5827922821044922,176.02017211914062,184.3494873046875,170.93064880371094
4,1.0419749971479177,-0.9784187078475952,3.1256301403045654,-0.0016873697750270367,1.5846302509307861,177.2926025390625,184.8145294189453,169.85594177246094
5,1.201214449480176,-0.9954494833946228,3.095841407775879,-0.004305163864046335,1.5745443105697632,180.61793518066406,181.26280212402344,167.54624938964844
