itr,time,loss,theta,phi,gamma,bx,by,bz
0,1.000018554739654,-0.8543312549591064,3.2451961040496826,0.10378602892160416,1.55166757106781,185.522216796875,172.88150024414062,138.50244140625
1,1.020180156454444,-0.8661845326423645,3.35153865814209,0.09885875880718231,1.572640061378479,184.2801513671875,173.7347412109375,140.1326904296875
2,1.0665838504210114,-0.9660002589225769,3.1695752143859863,0.0501922145485878,1.5769927501678467,173.0959014892578,180.6313018798828,156.83580017089844
3,1.0646881582215428,-0.9697187542915344,3.1695876121520996,0.05599146708846092,1.546625018119812,174.72274780273438,179.71954345703125,156.93896484375
4,1.0064429119229317,-0.9960108995437622,3.158783435821533,0.005836529191583395,1.5673253536224365,178.4864501953125,178.27708435058594,166.25177001953125
