itr,time,loss,theta,phi,gamma,bx,by,bz
0,1.173513175919652,-0.8233453631401062,3.480496644973755,0.10999077558517456,1.6537723541259766,179.4662322998047,174.908447265625,186.15139770507812
1,0.9874023217707872,-0.9159796833992004,3.1734180450439453,-0.057752568274736404,1.5607858896255493,179.4676055908203,174.90577697753906,186.1080322265625
2,1.0914989588782191,-0.9236247539520264,3.110588312149048,-0.030653800815343857,1.5416181087493896,179.40286254882812,176.09695434570312,185.0763702392578
3,1.0762843806296587,-0.9691314101219177,3.1186020374298096,-0.03642068803310394,1.5774428844451904,179.0104217529297,183.86532592773438,177.58267211914062
4,1.0802100664004683,-0.9695515632629395,3.1107707023620605,-0.033691730350255966,1.583068609237671,179.0238494873047,183.69500732421875,177.67669677734375
5,1.1700502382591367,-0.9967994093894958,3.1242361068725586,-0.009988072328269482,1.56577467918396,180.66482543945312,180.0078887939453,168.7183837890625
