itr,time,loss,theta,phi,gamma,bx,by,bz
0,1.0332075888291001,-0.8001393675804138,3.519059896469116,0.10855571180582047,1.5128346681594849,178.30091857910156,151.24317932128906,155.5789337158203
1,1.0326972277835011,-0.8082994222640991,3.4152567386627197,0.10460710525512695,1.512992024421692,177.5767364501953,153.0811767578125,155.59912109375
2,1.0757238501682878,-0.9432419538497925,3.1950948238372803,0.11105433851480484,1.5227930545806885,169.43130493164062,175.6841583251953,156.30914306640625
3,1.0776999108493328,-0.9594564437866211,3.1825926303863525,0.04304324835538864,1.5841901302337646,171.54788208007812,177.09481811523438,156.94813537597656
4,1.1097825290635228,-0.9896875023841858,3.149837017059326,0.01640799082815647,1.566291332244873,180.65829467773438,179.70704650878906,160.05601501464844
