itr,time,loss,theta,phi,gamma,bx,by,bz
0,1.1008704090490937,-0.6837722063064575,3.387347459793091,0.16211315989494324,1.4740442037582397,200.64804077148438,193.09788513183594,136.6612091064453
1,1.0038210647180676,-0.6886690258979797,3.3758461475372314,0.1672639399766922,1.4552862644195557,200.26333618164062,192.93763732910156,136.90184020996094
2,1.0575032569468021,-0.9501399397850037,3.168400526046753,0.04992833733558655,1.578432559967041,173.32608032226562,179.76795959472656,151.87200927734375
3,1.1178199797868729,-0.9619711637496948,3.125253438949585,0.0720653086900711,1.5240180492401123,174.53709411621094,179.06716918945312,156.1316375732422
4,1.1034066155552864,-0.9982001781463623,3.127392053604126,-0.004934138152748346,1.562317132949829,179.6888427734375,180.11276245117188,166.9524383544922
