itr,time,loss,theta,phi,gamma,bx,by,bz
0,0.9431164599955082,-0.8568126559257507,3.182999610900879,-0.056524913758039474,1.5618387460708618,157.7127685546875,180.81985473632812,188.6796417236328
1,1.0419704169034958,-0.9931349158287048,3.138972520828247,-0.011639595963060856,1.5718917846679688,181.39781188964844,179.67189025878906,170.58900451660156
2,1.0792694492265582,-0.9978841543197632,3.1434431076049805,-0.011131823062896729,1.5769599676132202,180.07180786132812,180.81640625,168.0117645263672
