itr,time,loss,theta,phi,gamma,bx,by,bz
0,0.9699486643075943,-0.9671353101730347,3.171987295150757,0.04515216499567032,1.5636392831802368,170.65113830566406,177.66123962402344,162.80001831054688
1,1.0116397952660918,-0.9896849393844604,3.1785404682159424,0.0067145684733986855,1.5880743265151978,176.73980712890625,179.5104522705078,163.91299438476562
2,0.5042031388729811,-0.9985321760177612,3.138660430908203,0.0027353435289114714,1.5711262226104736,179.90528869628906,180.45468139648438,164.49441528320312
