itr,time,loss,theta,phi,gamma,bx,by,bz
0,1.0146539648994803,-0.8459939360618591,2.900527000427246,0.12217158824205399,1.6148004531860352,174.59130859375,202.09451293945312,153.83853149414062
1,1.0831486880779266,-0.8634276986122131,2.7919349670410156,0.15177738666534424,1.547861099243164,173.61968994140625,194.95213317871094,156.31312561035156
2,1.1077104015275836,-0.9546628594398499,3.252303123474121,0.051364436745643616,1.6052405834197998,176.47119140625,184.17098999023438,162.26736450195312
3,0.39703728072345257,-0.9895989894866943,3.160047769546509,0.017145365476608276,1.5698316097259521,175.790771484375,179.19427490234375,163.99026489257812
