itr,time,loss,theta,phi,gamma,bx,by,bz
0,0.9735083244740963,-0.8157134652137756,3.4690802097320557,-0.012387863360345364,1.5519450902938843,179.515869140625,157.33047485351562,174.67372131347656
1,0.9752715267241001,-0.8872706890106201,3.0326426029205322,0.09273725003004074,1.472257137298584,175.98780822753906,169.53509521484375,170.8087615966797
2,1.0896966150030494,-0.9809533953666687,3.1568655967712402,0.014024696312844753,1.5672792196273804,173.52952575683594,178.87303161621094,167.99769592285156
