itr,time,loss,theta,phi,gamma,bx,by,bz
0,0.9788258615881205,-0.6977897882461548,3.419126033782959,0.11272580176591873,1.466957926750183,202.99191284179688,205.0451202392578,163.79933166503906
1,0.9883002452552319,-0.6979712843894958,3.4185569286346436,0.11730670183897018,1.468269944190979,202.96461486816406,204.97645568847656,163.8062286376953
2,1.0538654373958707,-0.8566936254501343,2.96516752243042,-0.058235518634319305,1.4383078813552856,192.60523986816406,179.73202514648438,166.6505126953125
3,1.1376693230122328,-0.9519580602645874,3.022212505340576,-0.015545465983450413,1.5921275615692139,189.4435272216797,181.40606689453125,167.66151428222656
4,1.067850043065846,-0.9929801225662231,3.1668269634246826,-0.012506766244769096,1.5710688829421997,181.731689453125,178.87596130371094,169.158203125
5,1.0510493125766516,-0.9961073994636536,3.1601996421813965,-0.013765114359557629,1.5743950605392456,179.84555053710938,179.64822387695312,169.15155029296875
6,1.1943105515092611,-0.9979915618896484,3.135409355163574,-0.003987467847764492,1.571344017982483,180.1614990234375,180.3286590576172,168.74282836914062
