itr,time,loss,theta,phi,gamma,bx,by,bz
0,0.982442763634026,-0.7466181516647339,2.9064438343048096,-0.1883946806192398,1.47976553440094,206.88800048828125,168.2440948486328,184.64166259765625
1,1.0320533337071538,-0.8745821118354797,3.322159767150879,-0.0202898271381855,1.4761141538619995,182.99847412109375,183.59226989746094,185.18092346191406
2,1.0542144104838371,-0.9469863176345825,3.104337215423584,-0.04562795162200928,1.5881922245025635,180.06741333007812,182.29966735839844,184.18478393554688
3,1.0894735511392355,-0.9482252597808838,3.1210856437683105,-0.04253537580370903,1.5817725658416748,180.28269958496094,182.13722229003906,183.93276977539062
4,1.1655056467279792,-0.9764660596847534,3.1666548252105713,-0.026811065152287483,1.5648318529129028,176.6044464111328,177.68800354003906,174.04696655273438
5,1.1371183106675744,-0.9989272952079773,3.1393823623657227,-0.013328531756997108,1.5745196342468262,180.0762176513672,179.9556884765625,166.62277221679688
