itr,time,loss,theta,phi,gamma,bx,by,bz
0,1.0983996018767357,-0.8780023455619812,3.1076788902282715,0.10627724230289459,1.6237437725067139,159.04751586914062,193.4671630859375,160.61004638671875
1,1.0368293691426516,-0.8809958696365356,3.10253643989563,0.08032726496458054,1.6237971782684326,159.5530548095703,192.9609375,160.72073364257812
2,1.0320924008265138,-0.9844503402709961,3.1365580558776855,0.025525441393256187,1.559497356414795,175.5205535888672,177.13275146484375,164.03639221191406
3,1.0946465926244855,-0.986867368221283,3.170856237411499,0.013272760435938835,1.5578128099441528,176.34495544433594,176.7881317138672,164.20828247070312
