itr,time,loss,theta,phi,gamma,bx,by,bz
0,0.9858680032193661,-0.8604531288146973,3.193206787109375,-0.11072708666324615,1.562207818031311,168.5274200439453,180.5571746826172,196.98403930664062
1,0.9982411377131939,-0.9391188025474548,3.1155736446380615,0.060242243111133575,1.5280762910842896,180.40011596679688,186.14781188964844,175.6952362060547
2,1.0941357398405671,-0.9684275984764099,3.0598905086517334,-0.023952657356858253,1.5836459398269653,181.29934692382812,186.16976928710938,173.95545959472656
3,1.1036948021501303,-0.9933265447616577,3.146190881729126,-0.013220125809311867,1.5660810470581055,182.19972229003906,180.09017944335938,169.5643310546875
4,1.1650804812088609,-0.9952917695045471,3.140495777130127,0.0030844700522720814,1.569006085395813,182.4326629638672,180.02259826660156,167.32186889648438
