itr,time,loss,theta,phi,gamma,bx,by,bz
0,1.0122617706656456,-0.8739769458770752,3.072321653366089,0.12753894925117493,1.6135022640228271,167.25698852539062,193.456298828125,148.53982543945312
1,1.0968464110046625,-0.901591956615448,2.9138102531433105,0.1589045524597168,1.5706814527511597,171.3426055908203,182.14956665039062,157.31228637695312
2,1.123434848152101,-0.977636992931366,3.1796319484710693,0.029826896265149117,1.5642601251602173,174.1963348388672,176.63250732421875,161.43714904785156
3,1.0402449844405055,-0.9875993728637695,3.178685426712036,0.020053118467330933,1.5719605684280396,177.70709228515625,176.48403930664062,163.84243774414062
4,1.1126660406589508,-0.9984869956970215,3.1453335285186768,0.003893868764862418,1.5699747800827026,180.4833526611328,179.63531494140625,164.327392578125
