itr,time,loss,theta,phi,gamma,bx,by,bz
0,1.0007494986057281,-0.9781247973442078,3.186785936355591,0.02504429779946804,1.5589025020599365,176.91741943359375,174.98512268066406,160.92835998535156
1,1.0409970050677657,-0.9801149964332581,3.2035622596740723,0.020355943590402603,1.5735968351364136,177.11700439453125,175.61795043945312,161.14173889160156
2,1.032341548241675,-0.9952062368392944,3.1415305137634277,0.010230312123894691,1.5699858665466309,178.6732177734375,180.2899627685547,162.7831573486328
