itr,time,loss,theta,phi,gamma,bx,by,bz
0,1.0627489006146789,-0.8110884428024292,3.008100748062134,0.15553534030914307,1.6429555416107178,156.9538116455078,204.55519104003906,152.05645751953125
1,0.9734682841226459,-0.8155664205551147,3.003389596939087,0.10718157887458801,1.6640185117721558,157.605224609375,203.32632446289062,152.64471435546875
2,1.027751263231039,-0.9721725583076477,3.1717889308929443,0.023373272269964218,1.5748612880706787,171.4347686767578,179.0023193359375,164.32479858398438
3,1.035751967690885,-0.9855471253395081,3.1719141006469727,0.030918950214982033,1.5336272716522217,176.8714599609375,178.4517059326172,165.8832244873047
