itr,time,loss,theta,phi,gamma,bx,by,bz
0,1.0039915600791574,-0.7904356122016907,3.3509440422058105,0.06975704431533813,1.4764132499694824,159.99815368652344,151.6603240966797,172.0284423828125
1,1.027347601018846,-0.8121558427810669,3.3212664127349854,0.04185812920331955,1.4778642654418945,160.6344757080078,154.72532653808594,171.11154174804688
2,1.0526890391483903,-0.9230709671974182,3.104933738708496,0.02725806273519993,1.58948814868927,166.0414581298828,173.6551513671875,164.12425231933594
3,1.0524305989965796,-0.9594506621360779,3.164207935333252,0.06561269611120224,1.570939540863037,169.46710205078125,180.56517028808594,160.51992797851562
4,1.1024387683719397,-0.988005518913269,3.142906427383423,0.009505771100521088,1.5767779350280762,179.03543090820312,179.06813049316406,159.6981964111328
5,1.124109597876668,-0.9923707842826843,3.1851091384887695,0.018366381525993347,1.5653605461120605,179.50445556640625,178.33804321289062,162.15391540527344
