itr,time,loss,theta,phi,gamma,bx,by,bz
0,0.9821541998535395,-0.6241647005081177,3.17806339263916,0.2854168117046356,1.6553380489349365,192.07505798339844,151.41439819335938,152.19393920898438
1,1.003973750397563,-0.7444862127304077,3.7248036861419678,0.12805359065532684,1.5409009456634521,191.894287109375,151.70840454101562,152.16954040527344
2,1.084898168221116,-0.7449997663497925,3.707214593887329,0.1020519882440567,1.522535800933838,191.51055908203125,152.25204467773438,152.15403747558594
3,1.0815694415941834,-0.9691821932792664,3.1274352073669434,0.08076372742652893,1.5398523807525635,176.73529052734375,178.120849609375,156.62640380859375
4,1.1106449337676167,-0.985321044921875,3.144557476043701,0.003551648696884513,1.5783334970474243,178.84613037109375,178.68173217773438,159.13192749023438
5,1.1585849598050117,-0.9905111193656921,3.187215805053711,0.0008901134133338928,1.562646508216858,180.8418426513672,178.74362182617188,161.74765014648438
6,1.1748985582962632,-0.9967644214630127,3.1390774250030518,0.006193382665514946,1.5696241855621338,181.28721618652344,180.3681640625,163.87371826171875
