itr,time,loss,theta,phi,gamma,bx,by,bz
0,1.0461156331002712,-0.8144180178642273,3.311549663543701,0.1231885775923729,1.5035696029663086,152.33255004882812,156.6230010986328,165.73512268066406
1,1.0039008148014545,-0.8231068849563599,3.364367723464966,0.03817594051361084,1.545074701309204,153.62904357910156,158.95201110839844,165.1955108642578
2,1.0283076167106628,-0.9104238152503967,3.3438408374786377,0.0384153313934803,1.5336689949035645,165.18955993652344,178.98394775390625,160.44259643554688
3,1.0686898659914732,-0.9519058465957642,3.1382617950439453,0.057646606117486954,1.5831196308135986,168.60723876953125,182.93954467773438,160.1415252685547
4,1.135198812931776,-0.9975159764289856,3.13991641998291,0.001979699358344078,1.5717579126358032,181.31117248535156,180.3802490234375,164.5233612060547
5,0.8477155128493905,-0.9988856315612793,3.1446533203125,0.002988901687785983,1.5705904960632324,180.14834594726562,179.681884765625,164.51174926757812
