itr,time,loss,theta,phi,gamma,bx,by,bz
0,0.9841137686744332,-0.9671639204025269,3.1713645458221436,-0.023461276665329933,1.5645568370819092,182.68643188476562,173.7862091064453,165.87728881835938
