itr,time,loss,theta,phi,gamma,bx,by,bz
0,1.0096152275800705,-0.8093340396881104,3.2909700870513916,-0.07194419950246811,1.5292655229568481,175.83065795898438,164.8368377685547,193.83680725097656
1,0.9931321796029806,-0.8097125887870789,3.2986927032470703,-0.07918787002563477,1.5280747413635254,175.8292236328125,164.8504180908203,193.82835388183594
2,1.129987834021449,-0.8495315313339233,3.432147741317749,-0.129582479596138,1.4713528156280518,175.14158630371094,171.5262908935547,189.5247344970703
3,1.1381945442408323,-0.9561780095100403,3.156137228012085,-0.047717247158288956,1.5929961204528809,175.47926330566406,183.1333465576172,179.69976806640625
4,1.1561788339167833,-0.9903003573417664,3.124274253845215,-0.011594912968575954,1.5763298273086548,182.09039306640625,181.6506805419922,171.16720581054688
5,1.0942261312156916,-0.9976282715797424,3.1660876274108887,-0.00037440843880176544,1.5711292028427124,180.5677032470703,179.70469665527344,167.5259552001953
