itr,time,loss,theta,phi,gamma,bx,by,bz
0,1.0089394925162196,-0.8704146146774292,3.322611093521118,0.0005392893799580634,1.53908109664917,171.96173095703125,162.43772888183594,174.0628204345703
1,1.073726074770093,-0.8713509440422058,3.3248159885406494,0.0012219392228871584,1.5320260524749756,171.96316528320312,162.51556396484375,174.03851318359375
2,1.0738862585276365,-0.921879768371582,3.085364580154419,0.018328281119465828,1.5167180299758911,172.19992065429688,171.19117736816406,171.318603515625
3,1.0589703507721424,-0.9768776893615723,3.1627449989318848,0.011062761768698692,1.5701535940170288,172.52719116210938,180.25546264648438,168.44613647460938
