itr,time,loss,theta,phi,gamma,bx,by,bz
0,0.9449444869533181,-0.8999894261360168,3.176103353500366,0.09773626923561096,1.5619391202926636,156.97108459472656,179.24688720703125,161.4705047607422
1,0.9809285337105393,-0.9043063521385193,3.1130127906799316,0.10074476152658463,1.575498104095459,158.55526733398438,179.28411865234375,161.69320678710938
2,1.0321713127195835,-0.9941908717155457,3.1414949893951416,0.006213758140802383,1.5935642719268799,179.6228485107422,180.39007568359375,164.59942626953125
