itr,time,loss,theta,phi,gamma,bx,by,bz
0,0.974809180945158,-0.8049554228782654,3.0107944011688232,-0.1921590119600296,1.582754373550415,205.14926147460938,181.0046844482422,180.885009765625
1,1.0161502230912447,-0.8831462860107422,2.9184367656707764,0.05436330661177635,1.6184957027435303,193.91891479492188,180.96034240722656,179.6812744140625
2,1.0535239661112428,-0.9539628624916077,3.045194625854492,-0.08458535373210907,1.5907641649246216,183.74383544921875,181.37803649902344,178.30845642089844
3,1.064361966215074,-0.9733627438545227,3.1242449283599854,-0.025668969377875328,1.575711727142334,179.49960327148438,181.74049377441406,177.67990112304688
4,1.038763027638197,-0.9975257515907288,3.125967502593994,-0.0010470886481925845,1.569309949874878,180.0901336669922,181.44415283203125,166.6067657470703
