itr,time,loss,theta,phi,gamma,bx,by,bz
0,1.0418321006000042,-0.86285799741745,3.1820664405822754,-0.035124171525239944,1.562296986579895,156.23397827148438,182.09317016601562,184.80113220214844
1,1.1131788194179535,-0.9967338442802429,3.1281073093414307,-0.005136989522725344,1.5719034671783447,180.92874145507812,180.9996795654297,168.885009765625
