itr,time,loss,theta,phi,gamma,bx,by,bz
0,1.0307930540293455,-0.9200019240379333,3.254399299621582,-0.02872931770980358,1.5450464487075806,185.4962158203125,169.4519500732422,169.12509155273438
1,1.13283730763942,-0.9211771488189697,3.2331769466400146,-0.034763798117637634,1.5422580242156982,185.43978881835938,169.58050537109375,169.10879516601562
2,1.0655257850885391,-0.9766015410423279,3.184323310852051,-0.0008433875045739114,1.6049712896347046,182.3968505859375,176.87953186035156,168.19784545898438
3,0.8373039616271853,-0.9987323880195618,3.1370961666107178,-0.004206249024719,1.5714305639266968,180.85044860839844,180.4077606201172,167.582763671875
