itr,time,loss,theta,phi,gamma,bx,by,bz
0,1.02109498064965,-0.8675767183303833,3.3056464195251465,-0.034521762281656265,1.5480067729949951,172.99009704589844,165.37828063964844,182.05372619628906
1,1.0214231433346868,-0.9736015200614929,3.1396875381469727,-0.001696519204415381,1.5808985233306885,174.0770263671875,182.33148193359375,173.08181762695312
2,1.041329039260745,-0.9744859933853149,3.1442394256591797,-0.011425033211708069,1.5711369514465332,174.0751495361328,181.58961486816406,173.4390411376953
3,1.1304803621023893,-0.9861741065979004,3.1068742275238037,0.009031862951815128,1.5900590419769287,177.69314575195312,182.4652099609375,170.35690307617188
4,1.102680217474699,-0.9973597526550293,3.129565477371216,-0.0024662252981215715,1.5752360820770264,180.88192749023438,180.4220733642578,168.62039184570312
