itr,time,loss,theta,phi,gamma,bx,by,bz
0,0.9835873646661639,-0.8183329701423645,2.8840115070343018,0.12748993933200836,1.6256027221679688,170.9313507080078,207.20213317871094,153.53741455078125
1,1.0201747473329306,-0.8244482278823853,2.8492825031280518,0.13521137833595276,1.6224833726882935,170.92327880859375,205.81736755371094,153.98692321777344
2,1.0918644508346915,-0.942276120185852,3.2674458026885986,0.09712293744087219,1.638134479522705,171.24000549316406,180.45994567871094,162.10049438476562
3,1.1417406369000673,-0.9722341299057007,3.1224069595336914,0.022715086117386818,1.5744274854660034,172.27626037597656,179.15310668945312,162.49559020996094
4,1.1949840420857072,-0.9987889528274536,3.144913673400879,0.0035210216883569956,1.570825457572937,180.136474609375,179.72039794921875,164.4081573486328
