itr,time,loss,theta,phi,gamma,bx,by,bz
0,1.0243930546566844,-0.5968566536903381,2.85073184967041,-0.1941891610622406,1.4138834476470947,210.8854522705078,152.74124145507812,167.6147918701172
1,1.1243215594440699,-0.6079676151275635,2.780515432357788,-0.06960643827915192,1.3642252683639526,207.82443237304688,155.51702880859375,169.54727172851562
2,1.079972980543971,-0.9308320879936218,3.2330939769744873,-0.01136673055589199,1.583814024925232,184.7537384033203,178.26824951171875,182.63157653808594
3,1.099804268218577,-0.9472118616104126,3.117703676223755,-0.053895458579063416,1.5722644329071045,181.82022094726562,181.0255126953125,183.79034423828125
4,1.1550798434764147,-0.9859989881515503,3.0979456901550293,-0.011525334790349007,1.577511191368103,183.3848876953125,183.08645629882812,169.13352966308594
