itr,time,loss,theta,phi,gamma,bx,by,bz
0,1.0034669013693929,-0.8994489312171936,3.1636083126068115,0.042321350425481796,1.5957773923873901,158.60792541503906,185.60198974609375,171.34947204589844
1,0.9628555662930012,-0.9027529358863831,3.1422410011291504,0.060247186571359634,1.5622998476028442,159.55775451660156,185.26121520996094,171.1016387939453
2,0.9944218182936311,-0.9967030882835388,3.1563751697540283,0.0033022649586200714,1.5677838325500488,178.9093475341797,178.31683349609375,166.03085327148438
