itr,time,loss,theta,phi,gamma,bx,by,bz
0,1.019630185328424,-0.8358181715011597,3.363352060317993,0.15316225588321686,1.5287951231002808,169.43521118164062,159.4864959716797,141.58242797851562
1,1.0530951358377934,-0.8400033116340637,3.3982338905334473,0.09351905435323715,1.538028359413147,169.47747802734375,160.8155059814453,142.53701782226562
2,1.1537091145291924,-0.8575389385223389,3.4833579063415527,0.06641733646392822,1.6351332664489746,169.74642944335938,166.64181518554688,146.59732055664062
3,1.2996030561625957,-0.9565889239311218,3.156959295272827,0.061518508940935135,1.5848273038864136,170.86375427246094,182.18470764160156,157.09335327148438
4,1.1170720644295216,-0.9593238830566406,3.178487539291382,0.05502384901046753,1.5897512435913086,171.34744262695312,181.02777099609375,156.92848205566406
5,1.1914322953671217,-0.9985517263412476,3.126310110092163,0.004483629018068314,1.5671449899673462,179.93789672851562,179.6553955078125,165.22698974609375
