itr,time,loss,theta,phi,gamma,bx,by,bz
0,0.9586482159793377,-0.9469407796859741,3.0584118366241455,0.006892533041536808,1.5807150602340698,184.8941192626953,187.30877685546875,160.56747436523438
1,1.0493245515972376,-0.9929312467575073,3.110563278198242,0.0037003960460424423,1.561275839805603,181.03477478027344,178.96820068359375,163.62222290039062
2,1.0879758885130286,-0.9972742795944214,3.132624864578247,0.010325980372726917,1.569269061088562,180.5828094482422,179.39944458007812,164.0233154296875
