itr,time,loss,theta,phi,gamma,bx,by,bz
0,1.0178906871005893,-0.8820579051971436,3.253554105758667,-0.04389851540327072,1.5460907220840454,171.13829040527344,168.9757537841797,184.4447479248047
1,1.0126063451170921,-0.8970878720283508,3.2494916915893555,-0.0611729621887207,1.4785555601119995,171.78790283203125,172.19679260253906,182.4108428955078
2,1.0778310801833868,-0.9673036932945251,3.1150176525115967,-0.009957604110240936,1.5621930360794067,174.3049774169922,183.25473022460938,175.0699462890625
3,1.1116155087947845,-0.9975448250770569,3.132350444793701,-0.0068296706303954124,1.572330355644226,181.03778076171875,180.44668579101562,168.5006103515625
