itr,time,loss,theta,phi,gamma,bx,by,bz
0,1.1716289846226573,-0.8682126998901367,3.1476049423217773,0.1686275452375412,1.5931172370910645,154.80670166015625,185.3863983154297,150.713623046875
1,0.9727788474410772,-0.87827467918396,3.2464959621429443,0.11290061473846436,1.6366151571273804,156.92739868164062,184.23931884765625,152.00697326660156
2,1.0508891800418496,-0.9204409122467041,3.3243253231048584,0.0320855975151062,1.500032901763916,169.22799682617188,178.3121795654297,159.2920684814453
3,1.132567659020424,-0.9904958605766296,3.160621166229248,0.01337153185158968,1.5651028156280518,178.04180908203125,176.8606414794922,164.30081176757812
