itr,time,loss,theta,phi,gamma,bx,by,bz
0,0.9876148784533143,-0.7779831886291504,3.6019139289855957,0.10996228456497192,1.5979596376419067,191.3609161376953,162.4716339111328,143.69686889648438
1,1.0410761144012213,-0.7846366167068481,3.5542566776275635,0.07479986548423767,1.5425862073898315,191.29974365234375,162.51333618164062,143.72650146484375
2,1.2023203624412417,-0.9002805352210999,3.417116641998291,0.14926642179489136,1.650791049003601,174.92803955078125,175.22268676757812,152.3164825439453
3,1.098452533595264,-0.9547919631004333,3.184316635131836,0.06599684804677963,1.5621261596679688,172.90509033203125,176.82916259765625,153.43601989746094
4,1.122632865794003,-0.975925087928772,3.2241806983947754,0.03826966881752014,1.577396273612976,176.40835571289062,179.88905334472656,159.08258056640625
5,1.1970711722970009,-0.9959476590156555,3.143082857131958,0.011639116331934929,1.5658118724822998,180.59042358398438,180.64495849609375,163.2528839111328
