itr,time,loss,theta,phi,gamma,bx,by,bz
0,0.9763680882751942,-0.6822356581687927,3.4237024784088135,0.19248609244823456,1.4225447177886963,201.6252899169922,206.1590576171875,156.52420043945312
1,1.0019540097564459,-0.6851794123649597,3.4195830821990967,0.17277245223522186,1.4534103870391846,201.61154174804688,205.74221801757812,156.74447631835938
2,1.0900385035201907,-0.8489603400230408,2.9810128211975098,-0.010773617774248123,1.5362927913665771,200.0895233154297,178.46975708007812,171.04824829101562
3,1.0895875403657556,-0.8808584809303284,3.0723016262054443,-0.0287923663854599,1.567752718925476,197.83119201660156,180.90402221679688,169.83242797851562
4,1.1101290816441178,-0.9948984980583191,3.1465492248535156,-0.008036402054131031,1.5714960098266602,180.2136688232422,180.42323303222656,170.36619567871094
5,1.240138364955783,-0.9968674778938293,3.1333189010620117,-0.00971300434321165,1.5791841745376587,180.2492218017578,180.8801727294922,168.96295166015625
