itr,time,loss,theta,phi,gamma,bx,by,bz
0,1.064499487169087,-0.9008203744888306,3.2908899784088135,0.06878869235515594,1.5451692342758179,182.92105102539062,168.1558074951172,150.452880859375
1,0.9414841579273343,-0.9268085956573486,3.3223423957824707,0.0328594334423542,1.611725091934204,180.3592529296875,172.66371154785156,152.4947509765625
2,1.0195997608825564,-0.9489051699638367,3.3054776191711426,0.11117374897003174,1.5512598752975464,177.7165985107422,177.2969207763672,155.41152954101562
3,1.0157041568309069,-0.9784069061279297,3.1509501934051514,0.03212984651327133,1.5687938928604126,176.37188720703125,180.0561981201172,157.69808959960938
