itr,time,loss,theta,phi,gamma,bx,by,bz
0,1.2832547966390848,-0.8770882487297058,2.843153953552246,0.042567264288663864,1.5737457275390625,184.1530303955078,198.3181610107422,167.9800567626953
1,1.1046277759596705,-0.8788787126541138,2.881775379180908,0.022405169904232025,1.5599360466003418,183.99078369140625,197.80235290527344,168.0291290283203
2,1.044832275249064,-0.9835326671600342,3.1490728855133057,0.036864254623651505,1.5459208488464355,179.05462646484375,181.79788208007812,169.59765625
3,1.0889498507604003,-0.9954634308815002,3.138124465942383,-0.0036186561919748783,1.572091817855835,178.79542541503906,180.73277282714844,169.59994506835938
