itr,time,loss,theta,phi,gamma,bx,by,bz
0,0.971768450923264,-0.873978316783905,2.9223110675811768,-0.047405462712049484,1.5871787071228027,198.4194793701172,183.9168243408203,172.86825561523438
1,1.089704698882997,-0.8970853090286255,2.9527945518493652,-0.04975518956780434,1.532807469367981,194.9863739013672,183.644775390625,172.89671325683594
2,1.1286987494677305,-0.9857866168022156,3.1150119304656982,-0.017316769808530807,1.5762693881988525,179.9592742919922,182.6383514404297,173.12408447265625
3,1.0947742722928524,-0.9930744171142578,3.1438567638397217,-0.009527107700705528,1.5711480379104614,180.0606689453125,179.4822235107422,171.0221710205078
