itr,time,loss,theta,phi,gamma,bx,by,bz
0,1.1019754214212298,-0.8178895115852356,2.9554972648620605,0.03900730609893799,1.6080471277236938,161.9616241455078,206.5789337158203,172.98776245117188
1,1.0820969361811876,-0.8199166059494019,2.927495241165161,0.05182775855064392,1.6243994235992432,162.04241943359375,206.3323211669922,172.92262268066406
2,1.0638794489204884,-0.8993090391159058,3.2684953212738037,0.12211249023675919,1.6634060144424438,169.63198852539062,187.0068817138672,170.70201110839844
3,1.0944706229493022,-0.9772495627403259,3.163991928100586,0.016878642141819,1.5622199773788452,172.85044860839844,177.90371704101562,167.65061950683594
