itr,time,loss,theta,phi,gamma,bx,by,bz
0,1.0202486915513873,-0.8911445140838623,3.2466208934783936,-0.036213599145412445,1.537145972251892,172.3470916748047,170.48779296875,184.85305786132812
1,1.020858297124505,-0.9547832012176514,3.09370493888855,-0.021680360659956932,1.599169373512268,174.2452850341797,179.75340270996094,178.51107788085938
2,1.0729196108877659,-0.9757429361343384,3.19051456451416,-0.01664002612233162,1.5654606819152832,176.9464874267578,182.20361328125,173.9628448486328
3,1.1342897191643715,-0.9972323775291443,3.1399471759796143,-0.005769536830484867,1.5733702182769775,181.58197021484375,180.4735107421875,167.89039611816406
