itr,time,loss,theta,phi,gamma,bx,by,bz
0,1.0035095820203424,-0.8263335824012756,3.271099090576172,-0.08268330991268158,1.5263384580612183,177.69883728027344,169.0355682373047,196.25030517578125
1,1.0789521727710962,-0.8400964736938477,3.0752644538879395,-0.01870873011648655,1.5061206817626953,177.41148376464844,171.47865295410156,194.37545776367188
2,1.0509254885837436,-0.9245148301124573,3.0860533714294434,-0.06963112205266953,1.631807565689087,176.6666717529297,181.7952880859375,186.37464904785156
3,1.1077926075085998,-0.9419054388999939,3.1252846717834473,-0.04584832862019539,1.5873051881790161,176.64361572265625,185.18492126464844,183.24169921875
4,1.1634931163862348,-0.94846510887146,3.172318935394287,-0.03552321344614029,1.590764045715332,177.48526000976562,183.07505798339844,182.3495635986328
5,1.2205886887386441,-0.9968012571334839,3.1346538066864014,-0.005873285699635744,1.5719530582427979,181.9398193359375,180.53057861328125,167.4463348388672
