itr,time,loss,theta,phi,gamma,bx,by,bz
0,1.0425417283549905,-0.7864149808883667,2.6233232021331787,0.053779520094394684,1.6366446018218994,191.08705139160156,209.1468963623047,182.8656005859375
1,1.0533215990290046,-0.7894667983055115,2.6006791591644287,0.09418366104364395,1.6639020442962646,190.72052001953125,207.9706268310547,182.77691650390625
2,1.1202918021008372,-0.9579824209213257,3.108515501022339,-0.05122882127761841,1.5952470302581787,183.63189697265625,180.44606018066406,180.0325164794922
3,1.054653087630868,-0.9598523378372192,3.1143994331359863,-0.042308490723371506,1.5754296779632568,183.7066650390625,180.72821044921875,180.0482177734375
4,1.1180748222395778,-0.964834451675415,3.0770232677459717,-0.01592990756034851,1.5820850133895874,182.15223693847656,181.5973663330078,179.01083374023438
5,1.1993645746260881,-0.9730913639068604,3.0890047550201416,-0.017704861238598824,1.5905580520629883,179.83094787597656,181.851318359375,177.05715942382812
6,1.1522829933091998,-0.9817193150520325,3.141908884048462,-0.015955528244376183,1.5679813623428345,176.9617156982422,180.6200408935547,174.20977783203125
7,1.116352753713727,-0.9968496561050415,3.1570093631744385,0.006410802248865366,1.5758798122406006,179.67442321777344,180.614013671875,168.14776611328125
