itr,time,loss,theta,phi,gamma,bx,by,bz
0,1.0795121397823095,-0.7714993357658386,2.6682162284851074,0.008740774355828762,1.6252763271331787,187.56204223632812,209.65713500976562,195.5338134765625
1,0.9983711410313845,-0.7715636491775513,2.6670525074005127,0.011925788596272469,1.6231869459152222,187.560546875,209.64462280273438,195.5296173095703
2,1.033890732564032,-0.8607920408248901,2.6581413745880127,-0.05202560871839523,1.625833511352539,185.30052185058594,189.00462341308594,188.5562286376953
3,1.0285882810130715,-0.9050869941711426,2.9080655574798584,0.02126685157418251,1.6170217990875244,186.26303100585938,185.66204833984375,186.66015625
4,1.0703551145270467,-0.9385259747505188,3.111471652984619,-0.06244909390807152,1.567461371421814,186.16893005371094,180.06434631347656,183.30142211914062
5,1.1046807682141662,-0.9730556607246399,3.229119062423706,-0.015102799981832504,1.5396181344985962,180.68121337890625,179.3707275390625,173.2847137451172
6,1.1722932197153568,-0.9940683245658875,3.1582961082458496,-0.004897186532616615,1.5696911811828613,177.8981475830078,179.4232177734375,169.28733825683594
