itr,time,loss,theta,phi,gamma,bx,by,bz
0,1.0422217063605785,-0.8210740089416504,3.381483793258667,0.1890903115272522,1.5316953659057617,163.7118682861328,157.99334716796875,140.16473388671875
1,1.0104931816458702,-0.8374723196029663,3.414567232131958,0.17708861827850342,1.6583423614501953,164.90037536621094,162.60293579101562,144.26744079589844
2,1.050668871961534,-0.9282516241073608,3.1257526874542236,0.18334905803203583,1.5965369939804077,170.7643280029297,181.93212890625,155.14971923828125
3,1.0553228333592415,-0.9458167552947998,3.170973062515259,0.1022438183426857,1.5995630025863647,173.2718048095703,184.11526489257812,154.19189453125
4,1.0828938810154796,-0.9487496018409729,3.1571900844573975,0.09340827912092209,1.5762412548065186,173.4188690185547,183.1522216796875,153.34034729003906
5,1.0195775348693132,-0.994112491607666,3.155381202697754,0.01840890198945999,1.5688343048095703,182.01551818847656,180.36122131347656,164.08486938476562
6,1.022288822568953,-0.9948025345802307,3.1420111656188965,0.016120167449116707,1.5707732439041138,181.88929748535156,180.01475524902344,163.61399841308594
