itr,time,loss,theta,phi,gamma,bx,by,bz
0,1.009401966817677,-0.7948952317237854,2.4903974533081055,0.24371019005775452,1.5060337781906128,179.33958435058594,209.87017822265625,163.30581665039062
1,1.1952750282362103,-0.7970486879348755,2.4407055377960205,0.258167028427124,1.5093684196472168,179.3355255126953,209.8099365234375,163.30833435058594
2,1.107521042227745,-0.8290069103240967,2.4885106086730957,0.1611682027578354,1.3645055294036865,178.5111083984375,195.00814819335938,163.82791137695312
3,1.1397410770878196,-0.8522840738296509,2.453042507171631,0.21982736885547638,1.4236162900924683,178.35279846191406,190.47500610351562,163.94488525390625
4,1.1264866264536977,-0.8535603284835815,2.5106709003448486,0.2038014829158783,1.4045990705490112,179.3636932373047,191.67506408691406,164.09881591796875
5,1.261058708652854,-0.8579467535018921,2.5649349689483643,0.2554343044757843,1.4228781461715698,180.9069061279297,189.65489196777344,164.53515625
6,1.1486684614792466,-0.9002655744552612,2.973222255706787,0.07521320134401321,1.4896430969238281,190.5007781982422,176.49229431152344,167.17300415039062
7,1.1372789610177279,-0.9734348654747009,3.0228042602539062,0.014916514046490192,1.5885183811187744,183.77296447753906,181.31045532226562,162.6983642578125
8,1.286370787769556,-0.9932762384414673,3.145461320877075,0.012579580768942833,1.56697416305542,180.61392211914062,179.55494689941406,161.43997192382812
