itr,time,loss,theta,phi,gamma,bx,by,bz
0,0.9729553796350956,-0.82428377866745,3.1917333602905273,-0.006713836919516325,1.5684771537780762,197.8206329345703,190.45130920410156,158.6139373779297
1,1.0322623513638973,-0.9890164732933044,3.137377977371216,-0.011103949509561062,1.5754648447036743,180.16184997558594,177.24180603027344,163.5342559814453
2,1.0755854919552803,-0.9980195164680481,3.147965669631958,0.003136842278763652,1.5668631792068481,179.46890258789062,179.23338317871094,164.19537353515625
