itr,time,loss,theta,phi,gamma,bx,by,bz
0,1.0559924701228738,-0.7287471294403076,3.9966747760772705,0.13567499816417694,1.551457166671753,206.60533142089844,171.8386688232422,149.1302947998047
1,1.024599140509963,-0.7298925518989563,3.9948413372039795,0.12935344874858856,1.5605844259262085,206.52845764160156,171.83473205566406,149.13473510742188
2,1.1017728624865413,-0.8779140114784241,3.417445421218872,0.1668747365474701,1.6679829359054565,168.2958526611328,170.5527801513672,151.046875
3,1.0935742789879441,-0.8862058520317078,3.4097630977630615,0.1533021181821823,1.6150949001312256,165.5607147216797,170.9434356689453,151.07054138183594
4,1.1168566215783358,-0.9563871622085571,3.2203986644744873,0.04852746054530144,1.5460363626480103,179.27699279785156,177.7250213623047,151.83914184570312
5,1.0950578264892101,-0.9611207842826843,3.157745599746704,0.04644161835312843,1.5599608421325684,180.1519317626953,178.4977264404297,152.2372589111328
6,1.1369525529444218,-0.9989374876022339,3.1455039978027344,-0.0021351478062570095,1.5683519840240479,180.21084594726562,179.1340789794922,166.07699584960938
