itr,time,loss,theta,phi,gamma,bx,by,bz
0,1.022644842043519,-0.7858184576034546,2.642942190170288,0.09487743675708771,1.6132365465164185,190.70474243164062,208.9894561767578,161.96127319335938
1,1.0884855017066002,-0.8083210587501526,2.683046817779541,0.14206558465957642,1.7042264938354492,186.85711669921875,203.32589721679688,163.14476013183594
2,1.0956710865721107,-0.9773421883583069,3.135390043258667,0.013746209442615509,1.572705626487732,173.3629150390625,182.68272399902344,167.71414184570312
