itr,time,loss,theta,phi,gamma,bx,by,bz
0,0.9827627297490835,-0.8725523352622986,3.1354591846466064,0.14579935371875763,1.6349985599517822,165.6409912109375,190.13023376464844,145.260498046875
1,1.043916898779571,-0.8781975507736206,3.169780731201172,0.11035842448472977,1.649000883102417,166.12884521484375,189.22067260742188,146.32635498046875
2,1.0415361654013395,-0.9739458560943604,3.1892244815826416,0.03177681192755699,1.56162691116333,173.4444580078125,175.8815155029297,162.28851318359375
3,1.0925278337672353,-0.9742488861083984,3.1802730560302734,0.03562285378575325,1.551926612854004,173.5380096435547,175.8489990234375,162.39703369140625
4,1.0047368723899126,-0.9949095249176025,3.1419410705566406,0.028553934767842293,1.5548280477523804,179.45033264160156,180.23355102539062,164.2945098876953
