itr,time,loss,theta,phi,gamma,bx,by,bz
0,0.9691580263897777,-0.7604478597640991,3.053422212600708,-0.17476443946361542,1.440719485282898,199.75247192382812,164.81890869140625,188.7034454345703
1,1.0521147260442376,-0.8494581580162048,2.941790819168091,0.050571635365486145,1.5297067165374756,194.10008239746094,175.82911682128906,185.7066650390625
2,1.0673345727846026,-0.9056609272956848,2.7614808082580566,0.03737402334809303,1.5530391931533813,188.77134704589844,186.02511596679688,182.70889282226562
3,1.1335431886836886,-0.9155033230781555,2.8482789993286133,-0.01019156165421009,1.5592864751815796,186.6682891845703,190.03677368164062,181.11802673339844
4,1.1997530506923795,-0.930144190788269,3.031613826751709,-0.048771291971206665,1.60434889793396,188.28103637695312,186.5050506591797,181.5446319580078
5,1.031941955909133,-0.9305400252342224,3.038532018661499,-0.051225800067186356,1.598811388015747,188.0731658935547,186.86997985839844,181.3837890625
6,1.069750419817865,-0.9313524961471558,3.0786423683166504,-0.068352609872818,1.5938546657562256,188.4100341796875,185.8278350830078,181.39926147460938
7,1.2214083354920149,-0.9763107299804688,3.204172372817993,-0.027482206001877785,1.5845197439193726,181.1139373779297,179.94053649902344,174.79107666015625
8,1.2560943625867367,-0.9885592460632324,3.1415486335754395,-0.011829474940896034,1.5713894367218018,177.69369506835938,180.0989990234375,172.1832275390625
