itr,time,loss,theta,phi,gamma,bx,by,bz
0,0.9633639315143228,-0.9243605136871338,3.093141794204712,0.011306410655379295,1.5864964723587036,167.4031982421875,189.56594848632812,171.83189392089844
1,1.0321283182129264,-0.9252976179122925,3.12492299079895,0.010871877893805504,1.5926944017410278,167.4896240234375,189.45777893066406,171.80616760253906
2,1.0543261021375656,-0.9531676769256592,3.080604076385498,0.004307527095079422,1.6331231594085693,172.2603759765625,183.3409881591797,170.30801391601562
3,1.0661214580759406,-0.988953709602356,3.1604557037353516,0.00253516947850585,1.5647920370101929,176.49258422851562,178.0305938720703,169.0002899169922
