itr,time,loss,theta,phi,gamma,bx,by,bz
0,0.9857167256996036,-0.9388508796691895,3.0891757011413574,-0.05269789695739746,1.588579535484314,183.78273010253906,184.06407165527344,184.9882354736328
1,1.0444056363776326,-0.9457111358642578,3.0796139240264893,-0.03528882563114166,1.5492748022079468,182.85487365722656,183.2328338623047,183.02806091308594
2,1.0269722398370504,-0.9882898330688477,3.160547971725464,-0.005149289965629578,1.5679748058319092,177.1893310546875,178.24713134765625,170.61767578125
3,1.0650111055001616,-0.9986234903335571,3.139707088470459,0.0018650622805580497,1.572035789489746,178.8487548828125,180.54269409179688,166.56158447265625
