itr,time,loss,theta,phi,gamma,bx,by,bz
0,0.962110560387373,-0.9057875871658325,3.1055266857147217,-0.047960348427295685,1.5837407112121582,168.08872985839844,188.7286834716797,183.40464782714844
1,1.0034176604822278,-0.9067604541778564,3.0914061069488525,-0.02356525883078575,1.587433099746704,168.20838928222656,188.58885192871094,183.3079376220703
2,1.0576354954391718,-0.9695979952812195,3.215824842453003,-0.013085518963634968,1.576902985572815,177.70494079589844,177.9661102294922,175.65109252929688
3,1.106441936455667,-0.9981226325035095,3.1304526329040527,-0.0047521283850073814,1.5719255208969116,180.95826721191406,180.26698303222656,168.00820922851562
