itr,time,loss,theta,phi,gamma,bx,by,bz
0,1.0138433910906315,-0.7675859928131104,3.64048171043396,0.0456555038690567,1.5445398092269897,193.895263671875,158.92250061035156,148.6992645263672
1,1.0686234021559358,-0.7681468725204468,3.617125988006592,0.06935035437345505,1.5581605434417725,193.52330017089844,159.20518493652344,148.82965087890625
2,1.0283397547900677,-0.9325501918792725,3.2498764991760254,0.07851953059434891,1.647842526435852,173.5633087158203,174.40744018554688,156.03057861328125
3,1.0257152495905757,-0.9578942060470581,3.2003371715545654,0.059782639145851135,1.5746022462844849,174.67843627929688,176.72129821777344,153.25985717773438
4,1.1182877803221345,-0.9593743681907654,3.1723928451538086,0.041738368570804596,1.5879348516464233,175.13429260253906,176.47227478027344,154.11053466796875
5,1.161214874126017,-0.992992639541626,3.136296510696411,0.004506750963628292,1.5810505151748657,181.4031219482422,181.13168334960938,162.849609375
