itr,time,loss,theta,phi,gamma,bx,by,bz
0,0.9676830563694239,-0.8734455108642578,2.9466116428375244,0.0666111558675766,1.6164263486862183,171.77809143066406,199.95889282226562,166.19639587402344
1,1.0085622686892748,-0.9872115850448608,3.1391594409942627,0.00604763999581337,1.5675137042999268,174.99453735351562,179.20994567871094,166.8634490966797
