itr,time,loss,theta,phi,gamma,bx,by,bz
0,0.9603531053289771,-0.8004941940307617,2.9913299083709717,-0.04869519919157028,1.618803858757019,162.32168579101562,202.2316131591797,192.74888610839844
1,0.978593124076724,-0.8830018043518066,2.874758005142212,-0.01557204034179449,1.5302449464797974,169.57748413085938,186.15773010253906,180.07958984375
2,1.0530829345807433,-0.9732986092567444,3.150182008743286,-0.0067549338564276695,1.5708016157150269,174.2110595703125,176.9310760498047,171.9311981201172
3,1.0937546147033572,-0.9904013276100159,3.1937379837036133,0.011813373304903507,1.5558875799179077,178.8673095703125,177.4932098388672,167.50489807128906
