itr,time,loss,theta,phi,gamma,bx,by,bz
0,1.0065074563026428,-0.8361146450042725,3.3074755668640137,-0.07120732963085175,1.5372263193130493,184.4207763671875,165.99935913085938,186.7466278076172
1,1.02181507460773,-0.9580478072166443,3.1596519947052,-0.0658559650182724,1.6245503425598145,179.28662109375,181.41336059570312,178.9455108642578
2,1.1116257989779115,-0.9717466831207275,3.1242928504943848,-0.02566399984061718,1.5718433856964111,179.0604248046875,182.3377227783203,177.84898376464844
