itr,time,loss,theta,phi,gamma,bx,by,bz
0,1.2378844590857625,-0.7926445603370667,2.532174825668335,0.033832140266895294,1.5918916463851929,203.87033081054688,197.59951782226562,174.0693817138672
1,1.296254115179181,-0.8391791582107544,3.155306816101074,-0.16651587188243866,1.6377296447753906,196.3812713623047,192.0370635986328,175.0665283203125
2,1.1755856974050403,-0.9755874872207642,3.1296589374542236,-0.02430487796664238,1.5751606225967407,181.58517456054688,180.4864044189453,176.7649688720703
3,1.0603376934304833,-0.9934448003768921,3.1028037071228027,-0.0027236919850111008,1.571509599685669,179.35525512695312,182.0928192138672,168.970458984375
4,1.1392967011779547,-0.9974802732467651,3.138660192489624,-0.0018598828464746475,1.5775413513183594,179.3839569091797,180.87899780273438,168.20999145507812
