itr,time,loss,theta,phi,gamma,bx,by,bz
0,0.9763298435136676,-0.9439737796783447,3.2147750854492188,0.05665058642625809,1.5510388612747192,179.46653747558594,173.42127990722656,151.04322814941406
1,1.0380696021020412,-0.9622151851654053,3.235694169998169,0.06055419147014618,1.589175820350647,178.7615509033203,177.82614135742188,154.34567260742188
2,1.0866782497614622,-0.97904372215271,3.133781909942627,0.02922247350215912,1.569915533065796,178.1397705078125,181.6771697998047,157.92877197265625
3,1.0973961940035224,-0.9840413928031921,3.128962278366089,0.025299839675426483,1.5389667749404907,178.46640014648438,180.30726623535156,160.12081909179688
4,1.082191868685186,-0.9977834820747375,3.1527152061462402,-0.002636633813381195,1.5642521381378174,178.904052734375,179.44227600097656,164.97708129882812
