itr,time,loss,theta,phi,gamma,bx,by,bz
0,0.9790958669036627,-0.9076859951019287,3.1923105716705322,0.08966013044118881,1.5565581321716309,182.03411865234375,179.7689208984375,143.250244140625
1,1.0113841407001019,-0.9120359420776367,3.1337480545043945,0.12061987072229385,1.5232951641082764,181.5962371826172,179.45982360839844,144.73255920410156
2,1.009421988390386,-0.9828205704689026,3.1716830730438232,0.02459792047739029,1.5588921308517456,176.6217803955078,176.12664794921875,161.5313720703125
3,1.1352637959644198,-0.9982333779335022,3.1400763988494873,0.005065882112830877,1.5725812911987305,178.73287963867188,180.46832275390625,165.37266540527344
