itr,time,loss,theta,phi,gamma,bx,by,bz
0,0.9551389226689935,-0.8972066044807434,3.21169114112854,0.13359776139259338,1.5732442140579224,164.40623474121094,175.20408630371094,146.08941650390625
1,1.0136989299207926,-0.9544644355773926,3.099241256713867,0.08015092462301254,1.4861550331115723,175.82867431640625,178.73626708984375,158.68296813964844
2,1.0466544134542346,-0.9972543716430664,3.136159658432007,0.004529865458607674,1.5707999467849731,180.7881317138672,180.61692810058594,163.95123291015625
