itr,time,loss,theta,phi,gamma,bx,by,bz
0,1.1463513085618615,-0.8803305625915527,3.051506280899048,-0.07447647303342819,1.570594072341919,191.22604370117188,181.2006072998047,192.24029541015625
1,1.0056100124493241,-0.9209216833114624,3.034578323364258,-0.05182117596268654,1.4993187189102173,182.2493133544922,182.85557556152344,184.35244750976562
2,1.0517401173710823,-0.9615214467048645,3.1188409328460693,-0.034585271030664444,1.5781595706939697,176.19680786132812,183.91090393066406,178.56138610839844
3,1.0724240597337484,-0.9634531140327454,3.147566556930542,-0.01755288802087307,1.5973515510559082,175.68612670898438,183.53672790527344,177.00001525878906
4,1.1234106933698058,-0.9824352264404297,3.1138901710510254,-0.028205588459968567,1.5993891954421997,178.45933532714844,179.75439453125,172.6490020751953
5,1.139887798577547,-0.9946046471595764,3.1579573154449463,0.0010359090520069003,1.5686873197555542,178.1284637451172,178.5308380126953,168.26150512695312
