itr,time,loss,theta,phi,gamma,bx,by,bz
0,1.0088977459818125,-0.8368988037109375,3.333660364151001,-0.06503402441740036,1.5467966794967651,173.8802490234375,164.56793212890625,187.7891387939453
1,0.9791022082790732,-0.9603570103645325,3.1918280124664307,-0.02519836276769638,1.5469623804092407,174.04879760742188,182.24078369140625,176.59365844726562
2,1.1638509891927242,-0.974581241607666,3.1223373413085938,-0.0177086740732193,1.586459994316101,175.45816040039062,181.8696746826172,174.64859008789062
3,1.0703948382288218,-0.9794138669967651,3.061601400375366,-0.008010233752429485,1.591550350189209,177.53567504882812,182.8829345703125,171.23226928710938
4,1.0543521530926228,-0.9982072710990906,3.1231205463409424,-0.0015688068233430386,1.570702314376831,180.6346435546875,180.7176513671875,167.71871948242188
