itr,time,loss,theta,phi,gamma,bx,by,bz
0,1.0375447161495686,-0.6991630792617798,3.093573808670044,0.1378166675567627,1.5091021060943604,201.64251708984375,194.40232849121094,146.76206970214844
1,0.9884414933621883,-0.748585045337677,3.2424020767211914,-0.04776770994067192,1.4995619058609009,197.5741729736328,191.76856994628906,148.6898651123047
2,1.0780815528705716,-0.9499709010124207,3.186647653579712,0.054364126175642014,1.5990138053894043,184.8209228515625,175.6859130859375,156.09434509277344
3,1.0617995401844382,-0.9607732892036438,3.261063814163208,0.05266682058572769,1.5771204233169556,182.2677001953125,175.32261657714844,157.28135681152344
4,1.0672296341508627,-0.9874978065490723,3.145524024963379,0.020350750535726547,1.5676298141479492,178.32371520996094,179.59237670898438,159.50360107421875
5,1.138653595931828,-0.9934845566749573,3.180100202560425,0.017288051545619965,1.558153748512268,180.50201416015625,178.27847290039062,163.43382263183594
