itr,time,loss,theta,phi,gamma,bx,by,bz
0,1.0033144298940897,-0.8729581832885742,3.000431537628174,0.12384499609470367,1.6364336013793945,185.20033264160156,191.7281494140625,152.22776794433594
1,1.0462055848911405,-0.9888790845870972,3.153829574584961,0.02015111781656742,1.5665767192840576,176.98098754882812,179.31480407714844,161.0965118408203
2,1.0947827277705073,-0.9978605508804321,3.149660110473633,0.0034838574938476086,1.5700325965881348,180.5222625732422,179.20762634277344,164.15342712402344
