itr,time,loss,theta,phi,gamma,bx,by,bz
0,1.0629956433549523,-0.8064388632774353,3.336834669113159,0.09569600969552994,1.51266610622406,154.41151428222656,154.60784912109375,167.43368530273438
1,0.9080936228856444,-0.911289632320404,3.331406831741333,0.011443627066910267,1.6346418857574463,165.24603271484375,179.34432983398438,160.50833129882812
2,1.0962740750983357,-0.9461793899536133,3.198519706726074,0.07713504880666733,1.5817458629608154,166.770751953125,180.37445068359375,160.3358917236328
3,1.1041172873228788,-0.9968540668487549,3.146221399307251,0.005050087813287973,1.5707963705062866,180.1297607421875,179.37509155273438,163.1374969482422
