itr,time,loss,theta,phi,gamma,bx,by,bz
0,0.952868577092886,-0.8310401439666748,3.1570868492126465,-0.004387804307043552,1.598132848739624,150.19236755371094,189.0620574951172,184.2964324951172
1,0.9854918038472533,-0.8443741202354431,3.037287950515747,0.07089192420244217,1.6176667213439941,154.66168212890625,187.41156005859375,181.80459594726562
2,1.0708957491442561,-0.9620750546455383,3.006024122238159,0.05284273251891136,1.5547404289245605,176.48458862304688,179.9350128173828,169.79420471191406
