itr,time,loss,theta,phi,gamma,bx,by,bz
0,1.198582949116826,-0.9333834648132324,3.065171241760254,0.04896232858300209,1.5920895338058472,174.7155303955078,190.08432006835938,158.30831909179688
1,1.0356194479390979,-0.9721929430961609,3.0991573333740234,0.0863858088850975,1.5800061225891113,175.68032836914062,181.04551696777344,161.6503143310547
2,1.0683668293058872,-0.9886793494224548,3.1593425273895264,0.01912236027419567,1.5684410333633423,176.06967163085938,178.76002502441406,162.58473205566406
3,1.0186344888061285,-0.9987949132919312,3.138373851776123,0.0035353894345462322,1.5701014995574951,180.29396057128906,179.9302215576172,164.49630737304688
