itr,time,loss,theta,phi,gamma,bx,by,bz
0,1.0559430867433548,-0.8556485176086426,6.488084316253662,-3.107625722885132,10.950963020324707,173.2624053955078,163.54794311523438,181.29736328125
1,1.0340696386992931,-0.8656492829322815,6.46810245513916,-3.0931196212768555,11.024048805236816,173.2283172607422,165.367431640625,180.48721313476562
2,1.112762939184904,-0.971773624420166,6.288300514221191,-3.1326844692230225,10.994571685791016,173.24359130859375,181.26243591308594,173.45037841796875
3,1.0973162297159433,-0.9792990684509277,6.239614486694336,-3.160505533218384,11.012426376342773,175.9798126220703,181.55540466308594,171.67459106445312
4,1.0900535583496094,-0.9970003366470337,6.276580810546875,-3.1347858905792236,10.99724292755127,180.7515411376953,180.65206909179688,169.11163330078125
