itr,time,loss,theta,phi,gamma,bx,by,bz
0,1.0448364336043596,-0.8792495727539062,3.1322357654571533,0.06784044951200485,1.6108016967773438,157.10963439941406,191.5645751953125,166.96266174316406
1,0.9656578870490193,-0.9120687246322632,3.0911436080932617,0.1392611861228943,1.5687379837036133,163.4174346923828,186.11264038085938,166.3042449951172
2,1.0176741741597652,-0.982360303401947,3.165797710418701,0.018361574038863182,1.5603914260864258,174.83436584472656,176.54522705078125,165.1317138671875
