itr,time,loss,theta,phi,gamma,bx,by,bz
0,0.7426519030705094,-0.7946410179138184,3.374785900115967,0.010119035840034485,1.4640541076660156,158.89283752441406,155.692138671875,179.8961639404297
1,1.0008299071341753,-0.8126075267791748,3.235896110534668,0.13978004455566406,1.4055274724960327,160.17755126953125,161.2340087890625,177.12660217285156
2,1.0849373871460557,-0.9424233436584473,3.1582722663879395,0.04839147999882698,1.5677490234375,165.50135803222656,182.31121826171875,166.3382110595703
3,1.0428741136565804,-0.9430952668190002,3.1582672595977783,0.039133019745349884,1.577060341835022,165.49620056152344,181.9746551513672,166.49522399902344
