itr,time,loss,theta,phi,gamma,bx,by,bz
0,0.954843289218843,-0.9870213866233826,3.1542129516601562,-0.008501394651830196,1.5687692165374756,178.34107971191406,177.96083068847656,171.6244354248047
1,1.0031756572425365,-0.9958425760269165,3.1424460411071777,-0.010390663519501686,1.5743097066879272,179.19053649902344,180.91647338867188,169.39474487304688
2,1.0403253212571144,-0.996874988079071,3.148592472076416,-0.014559244737029076,1.5750586986541748,179.66920471191406,180.86306762695312,168.53724670410156
