itr,time,loss,theta,phi,gamma,bx,by,bz
0,1.0187603570520878,-0.802243709564209,2.730586290359497,0.19637234508991241,1.5604767799377441,179.73764038085938,204.77108764648438,145.585205078125
1,1.033627581782639,-0.8025758266448975,2.7339115142822266,0.1970883458852768,1.5656919479370117,179.7259521484375,204.74630737304688,145.6067352294922
2,1.1002913611009717,-0.9385684132575989,3.0173120498657227,0.014042787253856659,1.5880274772644043,169.59423828125,181.86990356445312,163.25885009765625
3,1.9864816265180707,-0.9649392366409302,3.1616628170013428,0.03486545756459236,1.580373764038086,170.23440551757812,181.93548583984375,163.5595703125
4,1.065201262012124,-0.9770869016647339,3.162419557571411,0.04222141578793526,1.5692832469940186,172.7611541748047,178.51942443847656,166.55599975585938
