itr,time,loss,theta,phi,gamma,bx,by,bz
0,1.0233472837135196,-0.8334640264511108,3.3822989463806152,-0.03978622332215309,1.5589687824249268,191.082275390625,166.5745086669922,178.6682891845703
1,1.0552148940041661,-0.8411097526550293,3.2736382484436035,-0.0864923745393753,1.527152180671692,190.97335815429688,166.70834350585938,178.62286376953125
2,1.0865452280268073,-0.9373417496681213,2.9728434085845947,0.0355813093483448,1.5487903356552124,183.83876037597656,177.78025817871094,175.60179138183594
3,1.0618449542671442,-0.9832263588905334,3.1164846420288086,-0.022292664274573326,1.5798176527023315,181.864990234375,182.10020446777344,174.10133361816406
4,1.1382786547765136,-0.9954583644866943,3.1446681022644043,-0.0008174050599336624,1.5735106468200684,178.22323608398438,179.76239013671875,169.06076049804688
