itr,time,loss,theta,phi,gamma,bx,by,bz
0,1.0244522159919143,-0.8660317063331604,3.310298442840576,0.024115484207868576,1.5199341773986816,168.68141174316406,161.4663848876953,172.2047576904297
1,1.0835602479055524,-0.926977813243866,3.062988042831421,0.003978830296546221,1.5370690822601318,169.89434814453125,173.03851318359375,168.5483856201172
2,1.1526330532506108,-0.9737157821655273,3.161299467086792,0.026529397815465927,1.5710712671279907,171.67295837402344,180.71041870117188,166.0370635986328
