itr,time,loss,theta,phi,gamma,bx,by,bz
0,0.9831107463687658,-0.8583368062973022,2.771606683731079,0.06967766582965851,1.5822480916976929,187.22230529785156,198.51620483398438,161.6649627685547
1,1.4427690226584673,-0.8583744764328003,2.777662992477417,0.07103785872459412,1.5817614793777466,187.22019958496094,198.51248168945312,161.66639709472656
2,1.0555828735232353,-0.9876438975334167,3.1277005672454834,0.016678903251886368,1.6051218509674072,178.21527099609375,181.4058074951172,166.23678588867188
3,0.984158493578434,-0.9946972131729126,3.134638786315918,-0.010345409624278545,1.5920815467834473,180.38067626953125,180.223388671875,164.70062255859375
4,1.0678069535642862,-0.9979291558265686,3.1604132652282715,-0.007283254060894251,1.5797291994094849,180.27598571777344,180.15599060058594,165.89105224609375
