itr,time,loss,theta,phi,gamma,bx,by,bz
0,0.9583094837144017,-0.9149878621101379,3.068855047225952,0.054554522037506104,1.5775717496871948,191.8570098876953,182.39096069335938,155.55348205566406
1,0.9881606567651033,-0.9167910218238831,3.065269708633423,0.031033730134367943,1.5724501609802246,191.64007568359375,182.316650390625,155.64483642578125
2,1.0597489858046174,-0.9960408210754395,3.1610991954803467,0.003967436961829662,1.5757685899734497,178.7560272216797,179.9222412109375,163.5452423095703
