itr,time,loss,theta,phi,gamma,bx,by,bz
0,0.9671520851552486,-0.931837260723114,3.154944896697998,0.08249013870954514,1.5720008611679077,174.7955780029297,182.2964630126953,148.04302978515625
1,0.9927724227309227,-0.9398159980773926,3.1194663047790527,0.010556571185588837,1.5520795583724976,175.4741973876953,180.7936553955078,150.5829315185547
2,1.0108470283448696,-0.9794435501098633,3.1813459396362305,0.02582690678536892,1.5614657402038574,177.86439514160156,175.71836853027344,159.45216369628906
3,1.1122177485376596,-0.9893975257873535,3.136329412460327,0.02916155382990837,1.5596946477890015,178.4778289794922,178.43092346191406,160.9403076171875
