itr,time,loss,theta,phi,gamma,bx,by,bz
0,1.037033754400909,-0.8285097479820251,3.048353910446167,0.038845717906951904,1.5748026371002197,197.7602996826172,172.13812255859375,154.44741821289062
1,1.0182894114404917,-0.8585162162780762,2.9511172771453857,0.028474383056163788,1.6445908546447754,194.03164672851562,174.49009704589844,155.49868774414062
2,1.123527243733406,-0.9782498478889465,3.1293528079986572,0.01453086081892252,1.5723921060562134,182.18089294433594,182.26812744140625,158.79925537109375
3,1.1246977439150214,-0.9905876517295837,3.172813892364502,0.011427370831370354,1.5524460077285767,179.8728790283203,179.6963653564453,161.41098022460938
