itr,time,loss,theta,phi,gamma,bx,by,bz
0,0.9869859097525477,-0.9936990737915039,3.13924241065979,0.008420967496931553,1.5699844360351562,180.47412109375,177.87998962402344,167.13128662109375
