itr,time,loss,theta,phi,gamma,bx,by,bz
0,0.9581292783841491,-0.8394376635551453,3.286990165710449,0.10932423919439316,1.5068105459213257,155.3232879638672,159.6248321533203,164.24456787109375
1,1.033444469794631,-0.8742886781692505,3.216459274291992,0.11190047860145569,1.431523084640503,160.46302795410156,168.1504669189453,162.77267456054688
2,1.089884139597416,-0.9673458933830261,3.1634602546691895,0.03411906957626343,1.5852333307266235,171.81314086914062,182.35401916503906,160.8902130126953
3,1.052586354315281,-0.998807966709137,3.13818097114563,-0.00018747965805232525,1.5720579624176025,180.28854370117188,180.47857666015625,164.84075927734375
