itr,time,loss,theta,phi,gamma,bx,by,bz
0,0.9978123009204865,-0.8584171533584595,3.172712802886963,0.16199231147766113,1.6244328022003174,159.96807861328125,185.4542694091797,142.3506622314453
1,1.0292986277490854,-0.8678173422813416,3.167184352874756,0.21784049272537231,1.633405089378357,161.30364990234375,184.57421875,144.2960205078125
2,1.0822438886389136,-0.9838221669197083,3.1533565521240234,0.0008580517023801804,1.5595600605010986,176.5072479248047,176.30418395996094,163.9037628173828
3,1.1166820777580142,-0.9917512536048889,3.196514844894409,0.018773438408970833,1.579815149307251,178.570068359375,179.89588928222656,164.527587890625
