itr,time,loss,theta,phi,gamma,bx,by,bz
0,1.0528257489204407,-0.889845073223114,2.8325774669647217,0.021573632955551147,1.5696638822555542,188.6078338623047,194.90809631347656,169.366943359375
1,1.0424279989674687,-0.9515110850334167,3.2036280632019043,-0.020926181226968765,1.493435025215149,182.30880737304688,181.75160217285156,171.014892578125
2,1.09922837279737,-0.9923140406608582,3.132885456085205,-0.011907098814845085,1.5733890533447266,181.5284881591797,180.19921875,171.0896759033203
3,1.0439408076927066,-0.9981376528739929,3.1385655403137207,-0.0024214941076934338,1.5711669921875,179.11012268066406,180.40887451171875,168.12286376953125
