itr,time,loss,theta,phi,gamma,bx,by,bz
0,0.9727197587490082,-0.988425076007843,3.1628482341766357,0.008567691780626774,1.5744354724884033,179.33248901367188,179.62051391601562,159.75485229492188
1,0.9301609164103866,-0.9972303509712219,3.156768560409546,0.004139868542551994,1.5680683851242065,180.1653594970703,178.51315307617188,164.70249938964844
