itr,time,loss,theta,phi,gamma,bx,by,bz
0,1.030199570581317,-0.6782795786857605,3.4533095359802246,0.07948227971792221,1.4884357452392578,199.71559143066406,205.55673217773438,151.45486450195312
1,0.9947250746190548,-0.6804360151290894,3.4502358436584473,0.11938612908124924,1.4810289144515991,199.7122039794922,205.52212524414062,151.47190856933594
2,1.0394716169685125,-0.6859350204467773,3.44226336479187,0.1060534119606018,1.4510433673858643,199.5966033935547,204.2741241455078,152.086181640625
3,1.0979431476444006,-0.8899297714233398,3.2584445476531982,-0.059377364814281464,1.5830838680267334,194.95486450195312,178.12510681152344,164.7322235107422
4,1.1392813147976995,-0.9272775053977966,3.0143423080444336,0.014059430919587612,1.5671128034591675,192.5557098388672,179.80499267578125,164.1012725830078
