itr,time,loss,theta,phi,gamma,bx,by,bz
0,1.0561268301680684,-0.8714538812637329,3.375235080718994,0.02404077723622322,1.5369330644607544,178.3206329345703,161.59005737304688,167.37278747558594
1,1.0353628238663077,-0.8969967365264893,3.2108423709869385,0.02756713144481182,1.4838776588439941,177.39027404785156,165.62672424316406,166.72808837890625
2,1.0694195311516523,-0.9781418442726135,3.236515760421753,0.018509794026613235,1.5613383054733276,174.81460571289062,177.35231018066406,164.33108520507812
3,1.159948093816638,-0.9937068819999695,3.1773598194122314,-0.0027100557927042246,1.5776238441467285,177.8697052001953,179.8394775390625,164.3144989013672
