itr,time,loss,theta,phi,gamma,bx,by,bz
0,1.0972881047055125,-0.6978033185005188,2.4735095500946045,0.1138501763343811,1.6629718542099,202.00057983398438,210.90965270996094,160.7342529296875
1,1.0266538495197892,-0.6982101202011108,2.4751176834106445,0.11520510911941528,1.6510483026504517,201.99234008789062,210.90377807617188,160.73602294921875
2,1.0891112415120006,-0.8860796689987183,2.8289525508880615,0.16772234439849854,1.473927617073059,172.7169952392578,188.3582763671875,165.44639587402344
3,1.0920232897624373,-0.8909880518913269,2.8099043369293213,0.15679031610488892,1.5181363821029663,176.74073791503906,190.84381103515625,164.70205688476562
4,1.1309917028993368,-0.9839352369308472,3.149016857147217,0.009124981239438057,1.5823495388031006,175.7919464111328,182.77792358398438,164.05001831054688
5,1.0601826021447778,-0.9984137415885925,3.144047498703003,0.004893451929092407,1.5702110528945923,179.86886596679688,179.7737274169922,164.0670928955078
6,0.3761247778311372,-0.9984140396118164,3.1441855430603027,0.0047073569148778915,1.5702039003372192,179.8704833984375,179.75869750976562,164.06777954101562
