itr,time,loss,theta,phi,gamma,bx,by,bz
0,0.9788823928683996,-0.8049123883247375,3.471247673034668,-0.05607440695166588,1.5646564960479736,185.7853546142578,163.36764526367188,186.6233367919922
1,1.0481830248609185,-0.8077857494354248,3.3486218452453613,-0.05667736008763313,1.5243593454360962,185.69993591308594,163.5520782470703,186.53468322753906
2,1.176211018115282,-0.9706569314002991,3.1294820308685303,-0.02841958962380886,1.5713163614273071,176.70521545410156,182.0104217529297,177.3480224609375
3,1.0986885922029614,-0.9963049292564392,3.1174733638763428,0.0032401615753769875,1.5661876201629639,181.1898956298828,181.02574157714844,168.11167907714844
