itr,time,loss,theta,phi,gamma,bx,by,bz
0,1.1152225797995925,-0.8212839365005493,3.3499865531921387,-0.0766976922750473,1.523339867591858,180.8792266845703,164.57191467285156,189.45254516601562
1,1.028546285815537,-0.9602577686309814,3.155731439590454,-0.043359410017728806,1.5809897184371948,175.95596313476562,182.9464111328125,179.22727966308594
2,1.0201574256643653,-0.9616526365280151,3.131503105163574,-0.03838740289211273,1.5744664669036865,176.14263916015625,182.2664794921875,179.59341430664062
3,1.1113722808659077,-0.9856898188591003,3.098769187927246,-0.014516091905534267,1.6077721118927002,180.21678161621094,182.00144958496094,169.89564514160156
4,1.0534988129511476,-0.9973698258399963,3.1296119689941406,-0.007539771962910891,1.570641279220581,181.607666015625,180.62606811523438,167.34332275390625
