itr,time,loss,theta,phi,gamma,bx,by,bz
0,0.9510298641398549,-0.8324840664863586,3.190110445022583,0.18772627413272858,1.619806170463562,151.9457244873047,184.42127990722656,142.26605224609375
1,0.9781441958621144,-0.8329150080680847,3.2043230533599854,0.20503036677837372,1.6214344501495361,152.06787109375,184.36451721191406,142.3885040283203
2,1.0536621063947678,-0.899185061454773,3.2974703311920166,0.03290402889251709,1.4648786783218384,166.9512481689453,176.62246704101562,155.9864501953125
3,1.0897256433963776,-0.9687460660934448,3.1941304206848145,0.030184170231223106,1.5522935390472412,174.7311248779297,173.41171264648438,162.87905883789062
4,1.1026352429762483,-0.9974214434623718,3.147333860397339,0.007833432406187057,1.568840742111206,180.5,179.4967041015625,163.59902954101562
