itr,time,loss,theta,phi,gamma,bx,by,bz
0,0.981351145543158,-0.6550179719924927,1.4224504232406616,0.6360530853271484,2.1189303398132324,196.74929809570312,193.1143798828125,180.52232360839844
1,1.1290158573538065,-0.8690964579582214,2.7844316959381104,-0.04008978605270386,1.6269900798797607,195.94589233398438,192.8056640625,180.3261260986328
2,1.0669919531792402,-0.8773096203804016,2.680468797683716,0.017231149598956108,1.579540729522705,195.89993286132812,192.73086547851562,180.344970703125
3,1.0903073959052563,-0.8844664096832275,2.6412906646728516,0.028056863695383072,1.5695207118988037,195.0554962158203,191.93756103515625,180.39393615722656
4,1.1347041670233011,-0.8997722268104553,2.688072443008423,0.026992809027433395,1.5700364112854004,191.9001922607422,188.96292114257812,180.5458221435547
5,1.161468518897891,-0.9530960917472839,3.1220619678497314,0.002029334893450141,1.5467299222946167,181.9960479736328,179.67941284179688,180.69862365722656
6,1.3172698691487312,-0.9698359966278076,3.1284496784210205,-0.06001392379403114,1.587470293045044,181.8632354736328,180.88671875,177.78524780273438
7,1.157199482433498,-0.9933600425720215,3.1187140941619873,-0.003001742297783494,1.5774174928665161,178.44956970214844,181.9994354248047,168.7938690185547
8,1.111389173194766,-0.9949951171875,3.144789695739746,-0.0013730413047596812,1.570334553718567,178.07095336914062,181.2095184326172,168.2565460205078
