itr,time,loss,theta,phi,gamma,bx,by,bz
0,1.3156621558591723,-0.49283480644226074,3.144186019897461,0.6020073294639587,2.4393789768218994,191.1356658935547,199.35350036621094,180.5050048828125
1,1.1611647475510836,-0.5003092885017395,3.0456557273864746,0.5377551317214966,2.398236036300659,190.79592895507812,198.85226440429688,180.5196075439453
2,0.9945399910211563,-0.5134442448616028,2.993950128555298,0.6193807721138,2.440887212753296,190.20806884765625,197.91502380371094,180.56080627441406
3,1.3195047369226813,-0.5597221851348877,2.9356601238250732,0.617952287197113,1.9424530267715454,177.2893829345703,174.99124145507812,181.10752868652344
4,1.112190281972289,-0.6884813904762268,3.0217807292938232,0.1589059829711914,1.571712851524353,167.26797485351562,157.05706787109375,181.34120178222656
5,1.0872116005048156,-0.9239537119865417,3.2835185527801514,-0.012544535100460052,1.5860930681228638,172.1645965576172,171.7227325439453,176.48019409179688
6,1.1371386023238301,-0.9822802543640137,3.1149561405181885,-0.02240758389234543,1.5883278846740723,177.35630798339844,182.09031677246094,173.19142150878906
7,1.1047318084165454,-0.9842206835746765,3.104302167892456,-0.010565610602498055,1.5647118091583252,177.3511199951172,181.61622619628906,172.72494506835938
8,1.2534042866900563,-0.9961069226264954,3.1380326747894287,-0.00823518168181181,1.568861961364746,181.1503143310547,180.16659545898438,169.40101623535156
