itr,time,loss,theta,phi,gamma,bx,by,bz
0,0.9814839279279113,-0.783513605594635,3.4298529624938965,-5.27888914803043e-06,1.473064661026001,165.8984375,153.07164001464844,180.05560302734375
1,1.0258946493268013,-0.7864876985549927,3.5101444721221924,0.018759116530418396,1.4615199565887451,165.9234619140625,154.23606872558594,179.47409057617188
2,1.061389647424221,-0.9472174644470215,3.1160967350006104,0.04055565595626831,1.5758075714111328,166.6444091796875,179.55691528320312,166.24794006347656
3,1.0843624137341976,-0.9546400308609009,3.194129467010498,0.0027483946178108454,1.5748733282089233,168.0430908203125,180.65528869628906,165.5596466064453
