itr,time,loss,theta,phi,gamma,bx,by,bz
0,0.994279702194035,-0.8253188133239746,3.396176815032959,-0.025188863277435303,1.5248748064041138,176.88046264648438,160.70431518554688,182.03948974609375
1,1.09464758541435,-0.827412486076355,3.369328022003174,-0.023836147040128708,1.546065330505371,176.85653686523438,160.87159729003906,181.97508239746094
2,1.070050717331469,-0.9604339599609375,3.142301559448242,0.018095191568136215,1.5206855535507202,174.69488525390625,179.19386291503906,175.32762145996094
3,1.0479965014383197,-0.9738038778305054,3.1449623107910156,-0.019064299762248993,1.568895697593689,174.5299835205078,180.80526733398438,174.67469787597656
4,1.137807136401534,-0.9811599254608154,3.091218948364258,0.0048286523669958115,1.5725313425064087,176.6785888671875,180.4741973876953,172.78494262695312
5,1.1562255658209324,-0.9973544478416443,3.135011911392212,-0.008264935575425625,1.5719232559204102,180.95016479492188,180.48379516601562,168.7486572265625
