itr,time,loss,theta,phi,gamma,bx,by,bz
0,1.025490153580904,-0.6303406357765198,3.1327104568481445,-0.3892427682876587,1.8625398874282837,203.2142333984375,204.04335021972656,159.43856811523438
1,1.123706642538309,-0.6947401165962219,3.3612618446350098,0.05875762552022934,1.5094020366668701,203.13763427734375,203.6787109375,159.80743408203125
2,1.0660853181034327,-0.7407068014144897,3.194990396499634,0.25549474358558655,1.3723924160003662,200.93516540527344,194.8606414794922,166.40679931640625
3,1.0887631056830287,-0.9785592555999756,3.2272539138793945,0.005563501734286547,1.5588737726211548,177.4630126953125,179.67807006835938,171.85403442382812
4,1.0843752641230822,-0.993864893913269,3.12504243850708,-0.01266874186694622,1.5728307962417603,179.51699829101562,181.26914978027344,170.5216827392578
5,1.0917592654004693,-0.9972646236419678,3.1534390449523926,-0.009070266969501972,1.56950843334198,180.48223876953125,179.60096740722656,168.6362762451172
