itr,time,loss,theta,phi,gamma,bx,by,bz
0,1.057761738076806,-0.7811453938484192,3.090864896774292,-0.1831129640340805,1.6112903356552124,206.02182006835938,185.29945373535156,167.77947998046875
1,1.060672402381897,-0.9131093621253967,3.282726287841797,0.03271925076842308,1.522844910621643,191.1741180419922,182.2462921142578,170.10646057128906
2,1.1379109844565392,-0.9909120798110962,3.1532821655273438,-0.009608598425984383,1.5674238204956055,181.154052734375,178.3006591796875,170.3594970703125
3,1.2046599136665463,-0.9963898062705994,3.134134292602539,-0.006534462794661522,1.5717204809188843,180.0765838623047,180.5814208984375,169.69252014160156
