itr,time,loss,theta,phi,gamma,bx,by,bz
0,1.0137183032929897,-0.7714126706123352,3.4462451934814453,0.04509555920958519,1.4709001779556274,158.61476135253906,150.1448516845703,175.87025451660156
1,1.0388418221846223,-0.7717248201370239,3.457707405090332,0.03821614384651184,1.4716851711273193,158.61839294433594,150.17413330078125,175.8597412109375
2,1.029593562707305,-0.8297098278999329,3.2973225116729736,-0.061872683465480804,1.6583646535873413,160.59132385253906,164.8262481689453,170.73501586914062
3,1.0993314944207668,-0.9223620891571045,3.1626155376434326,0.04212302714586258,1.5963075160980225,163.3015594482422,175.61907958984375,168.12791442871094
4,1.1145349573343992,-0.9508562088012695,3.121196985244751,0.05666084587574005,1.5346760749816895,168.2673797607422,180.9336395263672,166.6171112060547
