itr,time,loss,theta,phi,gamma,bx,by,bz
0,0.9964139079675078,-0.8193999528884888,3.216089963912964,-0.0014897604705765843,1.503760576248169,154.67433166503906,167.21238708496094,186.91012573242188
1,1.0290671801194549,-0.9207790493965149,2.9468517303466797,0.07049041241407394,1.52055823802948,169.524169921875,183.22857666015625,170.18673706054688
2,1.122379794716835,-0.967907190322876,3.1303298473358154,0.031386736780405045,1.5855963230133057,173.0286102294922,185.0989227294922,167.08860778808594
