itr,time,loss,theta,phi,gamma,bx,by,bz
0,1.0701377289369702,-0.8445332646369934,3.1054534912109375,-0.10605338960886002,1.505521297454834,192.40115356445312,170.89833068847656,188.14910888671875
1,1.071559770964086,-0.8542140126228333,3.2160732746124268,-0.09588728845119476,1.4792356491088867,191.48973083496094,172.60391235351562,187.25270080566406
2,1.2438374729827046,-0.9577956795692444,3.0826313495635986,-0.038348760455846786,1.5933550596237183,183.30966186523438,184.9424591064453,179.51405334472656
3,1.144416879862547,-0.9662505388259888,3.034140110015869,-0.01179161574691534,1.5781711339950562,181.33905029296875,184.165283203125,177.1488800048828
4,1.19894661847502,-0.9898949265480042,3.1455891132354736,-0.0048500290140509605,1.5716686248779297,177.02586364746094,179.85838317871094,170.83985900878906
5,1.3026307243853807,-0.9963781237602234,3.165493965148926,0.00020535838848445565,1.5726616382598877,178.10960388183594,179.4400177001953,167.11375427246094
