itr,time,loss,theta,phi,gamma,bx,by,bz
0,1.114050974138081,-0.8744052648544312,2.7940597534179688,0.05091381445527077,1.5751349925994873,188.87290954589844,195.97779846191406,164.35546875
1,1.0284289326518774,-0.8864627480506897,2.7270798683166504,0.04973824322223663,1.562261700630188,187.54403686523438,193.70030212402344,165.1018524169922
2,0.991915182210505,-0.9906399846076965,3.167463779449463,-0.044061578810214996,1.5692147016525269,180.02540588378906,180.52740478515625,169.22544860839844
3,1.1181658012792468,-0.9973357915878296,3.131305694580078,-0.0024957782588899136,1.5711276531219482,180.1287841796875,180.6685791015625,169.04110717773438
