itr,time,loss,theta,phi,gamma,bx,by,bz
0,1.0341220712289214,-0.841029167175293,2.9635329246520996,0.11186622083187103,1.579095482826233,183.20301818847656,192.0481719970703,143.13522338867188
1,1.0243508704006672,-0.8545769453048706,2.9687588214874268,0.17111127078533173,1.6586345434188843,182.40574645996094,190.5486602783203,144.53717041015625
2,1.1381223257631063,-0.973203182220459,3.173431634902954,0.04053669422864914,1.5621906518936157,175.35350036621094,177.49192810058594,156.95513916015625
3,1.0741486642509699,-0.9770113229751587,3.1505634784698486,0.04103069007396698,1.5547804832458496,176.30418395996094,178.30604553222656,157.45675659179688
