itr,time,loss,theta,phi,gamma,bx,by,bz
0,1.0844626873731613,-0.9240517616271973,2.9972214698791504,-0.03194210305809975,1.5861001014709473,192.41751098632812,185.71371459960938,170.6814422607422
1,1.0017920611426234,-0.9577199816703796,2.99246883392334,0.003070826642215252,1.595900297164917,187.28448486328125,183.557861328125,170.75936889648438
2,1.0625538397580385,-0.994013249874115,3.130833387374878,-0.009184559807181358,1.5719506740570068,179.60552978515625,181.07777404785156,170.6649627685547
3,1.0926343081519008,-0.9959414005279541,3.132469654083252,-0.01711871102452278,1.5799455642700195,180.08425903320312,180.38047790527344,169.455078125
4,0.5511946063488722,-0.9983591437339783,3.1465208530426025,-0.0033923203591257334,1.5700268745422363,180.3980255126953,179.47927856445312,167.96337890625
