itr,time,loss,theta,phi,gamma,bx,by,bz
0,1.0545731633901596,-0.8292725086212158,3.2405011653900146,0.008955748751759529,1.5180891752243042,157.0760955810547,164.8354949951172,183.2998504638672
1,0.9957548175007105,-0.9440641403198242,3.1281814575195312,-0.025462936609983444,1.6054576635360718,167.8134765625,181.84072875976562,171.44268798828125
2,1.0624971110373735,-0.9584650993347168,3.15704607963562,0.0012065612245351076,1.568339228630066,169.75306701660156,183.46180725097656,169.9515838623047
3,1.1351091312244534,-0.9777867197990417,3.0505318641662598,0.02125883474946022,1.557856798171997,177.0406951904297,183.66403198242188,166.72731018066406
