itr,time,loss,theta,phi,gamma,bx,by,bz
0,0.9891869127750397,-0.8313358426094055,2.8197367191314697,0.04816579073667526,1.5990468263626099,178.78285217285156,205.32736206054688,177.5172576904297
1,1.0495820082724094,-0.9832431674003601,3.1474645137786865,-0.014086486771702766,1.5730770826339722,176.75379943847656,179.94703674316406,173.44229125976562
2,1.061864753253758,-0.996245265007019,3.1547563076019287,-0.011120995506644249,1.5794271230697632,180.74851989746094,180.4240264892578,168.95973205566406
3,1.1307857381179929,-0.997859537601471,3.1416022777557373,-0.0047669666819274426,1.5683459043502808,180.9494171142578,179.94085693359375,168.27639770507812
