itr,time,loss,theta,phi,gamma,bx,by,bz
0,1.0098628429695964,-0.8626028299331665,3.043180465698242,0.05359244719147682,1.6226890087127686,161.85667419433594,198.62742614746094,170.5612030029297
1,0.9679219163954258,-0.8767569065093994,3.1858325004577637,-0.005645534954965115,1.5893337726593018,164.15219116210938,194.24087524414062,169.9274444580078
2,1.0483870757743716,-0.9728295803070068,3.1928720474243164,0.013254089280962944,1.5894827842712402,172.90586853027344,177.74806213378906,168.17013549804688
3,1.1409344347193837,-0.9814479351043701,3.149350643157959,0.014300390146672726,1.5526801347732544,174.35092163085938,177.4706573486328,167.80235290527344
