itr,time,loss,theta,phi,gamma,bx,by,bz
0,1.0888468865305185,-0.7910246849060059,3.4587106704711914,0.19514200091362,1.5398235321044922,157.78762817382812,150.26609802246094,145.44674682617188
1,1.1292025344446301,-0.7924036383628845,3.489226818084717,0.16631492972373962,1.5529797077178955,158.03616333007812,150.7592010498047,145.5695343017578
2,1.0480361599475145,-0.7989567518234253,3.553673505783081,0.17870792746543884,1.6092954874038696,159.154052734375,152.98397827148438,146.1196746826172
3,1.0837768856436014,-0.9210864901542664,3.1903598308563232,0.09578108042478561,1.6575169563293457,176.39865112304688,186.76937866210938,155.21731567382812
4,1.0762607445940375,-0.9574724435806274,3.1584181785583496,0.06214459240436554,1.578397274017334,173.89511108398438,181.7667694091797,153.9737548828125
5,1.1343780094757676,-0.9835596680641174,3.154362678527832,0.03808046504855156,1.6032806634902954,178.98788452148438,179.44114685058594,161.24305725097656
