itr,time,loss,theta,phi,gamma,bx,by,bz
0,1.0546404710039496,-0.7818259596824646,3.4389560222625732,-0.021854298189282417,1.4952468872070312,167.60610961914062,154.61611938476562,183.60540771484375
1,1.0626194011420012,-0.936349093914032,3.197044849395752,-0.03182294964790344,1.60977303981781,167.3396453857422,177.4925079345703,172.1197967529297
2,1.1170468842610717,-0.9553192853927612,3.150923013687134,-0.01705264113843441,1.5986578464508057,169.17605590820312,181.39976501464844,169.71719360351562
