itr,time,loss,theta,phi,gamma,bx,by,bz
0,0.9447726085782051,-0.8905243873596191,3.162050724029541,-0.006876157596707344,1.5677953958511353,158.99478149414062,181.83084106445312,179.7072296142578
1,1.077726360410452,-0.898372232913971,3.0515480041503906,0.06684140115976334,1.539445400238037,162.4769287109375,181.45008850097656,178.0548095703125
2,1.1121730422601104,-0.9970111846923828,3.144864797592163,-0.005082468502223492,1.5699594020843506,180.4307861328125,179.51083374023438,168.99395751953125
