itr,time,loss,theta,phi,gamma,bx,by,bz
0,1.1140973912552,-0.9326680302619934,3.2141225337982178,0.08423202484846115,1.57120943069458,165.16546630859375,174.92282104492188,158.30416870117188
1,1.0114895170554519,-0.9954606890678406,3.134464979171753,0.005889013409614563,1.570746898651123,179.7646484375,180.94952392578125,163.02381896972656
2,1.0789180966094136,-0.9986054301261902,3.1481289863586426,0.003939936403185129,1.5700569152832031,180.3914337158203,179.5629425048828,164.44252014160156
