itr,time,loss,theta,phi,gamma,bx,by,bz
0,1.0538727501407266,-0.8289902210235596,2.951108932495117,0.08481563627719879,1.635591745376587,163.63861083984375,205.92367553710938,168.0414276123047
1,1.0571871558204293,-0.8746213912963867,2.9354631900787354,-0.025182565674185753,1.650315761566162,167.0451202392578,193.93838500976562,166.6854705810547
2,1.078596887178719,-0.9761006832122803,3.167515993118286,0.03048977628350258,1.5666007995605469,172.3858642578125,178.0714569091797,165.065185546875
3,1.0840547233819962,-0.9818078875541687,3.1834981441497803,0.02698860876262188,1.5655503273010254,173.9818572998047,178.0497283935547,165.17027282714844
