itr,time,loss,theta,phi,gamma,bx,by,bz
0,0.9746108194813132,-0.8492280840873718,3.1277732849121094,-0.06016656011343002,1.5911633968353271,160.25,189.97445678710938,190.48797607421875
1,1.0149435317143798,-0.9630540013313293,3.241535186767578,-0.044017575681209564,1.5852835178375244,177.44659423828125,177.01806640625,175.55206298828125
2,1.1162136401981115,-0.9736120104789734,3.149275541305542,-0.01309178676456213,1.567870020866394,178.37289428710938,176.74017333984375,174.4911346435547
3,1.0242098746821284,-0.9943450689315796,3.0993828773498535,-0.00680081220343709,1.5750212669372559,180.72714233398438,180.742919921875,169.36923217773438
