itr,time,loss,theta,phi,gamma,bx,by,bz
0,1.1977186873555183,-0.7726972699165344,2.4596214294433594,0.1346106231212616,1.4228620529174805,196.4926300048828,192.99398803710938,141.59352111816406
1,1.1488763624802232,-0.7810539603233337,2.4345128536224365,0.17731134593486786,1.4615802764892578,196.4705047607422,192.9775390625,141.60862731933594
2,1.1294132312759757,-0.8528782725334167,2.7698960304260254,0.26896968483924866,1.5901732444763184,178.2000732421875,181.35845947265625,154.76004028320312
3,1.1429726192727685,-0.9722224473953247,3.127237319946289,0.046063970774412155,1.5548458099365234,175.17941284179688,180.64895629882812,157.36537170410156
4,1.205491873435676,-0.9894458651542664,3.2014193534851074,0.009809940122067928,1.5528550148010254,178.048095703125,178.03526306152344,163.45071411132812
5,1.300070651806891,-0.9969685077667236,3.1668896675109863,0.006309514865279198,1.5643326044082642,179.69322204589844,178.4805145263672,164.91493225097656
