itr,time,loss,theta,phi,gamma,bx,by,bz
0,0.9832824096083641,-0.8238886594772339,3.324094772338867,0.06732738763093948,1.5012755393981934,160.61253356933594,155.97877502441406,169.75460815429688
1,1.0338511727750301,-0.8250757455825806,3.309854030609131,0.0578775480389595,1.4992108345031738,160.65135192871094,156.1141357421875,169.71165466308594
2,1.0824371930211782,-0.8652989864349365,3.087244987487793,0.12209750711917877,1.4370436668395996,163.4684600830078,166.03994750976562,166.50428771972656
3,1.1251114727929235,-0.9547686576843262,3.1517508029937744,0.05015288665890694,1.575376033782959,168.1240692138672,180.7240753173828,161.69000244140625
4,1.0568873854354024,-0.998055636882782,3.150184392929077,0.005394892767071724,1.5696107149124146,179.9707489013672,179.51522827148438,163.88487243652344
