itr,time,loss,theta,phi,gamma,bx,by,bz
0,0.9686133731156588,-0.8745160102844238,2.9721531867980957,0.11266887187957764,1.6104148626327515,176.2649383544922,195.153564453125,150.3443603515625
1,1.026822168380022,-0.9672613143920898,3.198151111602783,0.02045702561736107,1.547582983970642,173.2600860595703,180.3930206298828,159.4853973388672
2,1.0654777996242046,-0.9754891395568848,3.155245304107666,0.04907900467514992,1.568616509437561,173.2967071533203,179.2487030029297,160.34645080566406
3,1.099328063428402,-0.997940182685852,3.1430931091308594,0.00389463291503489,1.5705137252807617,180.4989471435547,179.50640869140625,163.96414184570312
4,1.1317866435274482,-0.9980552196502686,3.1463921070098877,0.004115217365324497,1.571961522102356,180.3572540283203,179.34498596191406,164.11566162109375
