itr,time,loss,theta,phi,gamma,bx,by,bz
0,1.08022001106292,-0.7927065491676331,2.9426236152648926,0.025690194219350815,1.6260136365890503,159.4213104248047,208.7354736328125,180.686279296875
1,1.0188963459804654,-0.7936278581619263,2.965303659439087,0.027288762852549553,1.640908122062683,159.46621704101562,208.61891174316406,180.65252685546875
2,1.0260879583656788,-0.9522624611854553,3.0985162258148193,0.05872851610183716,1.577003836631775,170.03196716308594,181.86427307128906,172.5203399658203
3,1.2187282349914312,-0.9696522355079651,3.171194076538086,-0.009999440982937813,1.5744956731796265,172.15208435058594,177.91859436035156,170.9419708251953
