itr,time,loss,theta,phi,gamma,bx,by,bz
0,0.9985912339761853,-0.6973560452461243,2.9716196060180664,0.0010301874717697501,1.5782264471054077,205.86744689941406,170.89370727539062,151.65689086914062
1,1.0342824701219797,-0.9270414113998413,3.2409849166870117,0.11455438286066055,1.460928201675415,185.78900146484375,180.08349609375,158.7425537109375
2,1.0681198555976152,-0.9897029995918274,3.124142646789551,0.01334227342158556,1.5687559843063354,179.64328002929688,181.40916442871094,161.03028869628906
3,1.091244287788868,-0.9934698939323425,3.152899980545044,0.006527113728225231,1.559760570526123,179.11497497558594,180.4361114501953,162.3920135498047
4,1.0830170195549726,-0.9983561038970947,3.1365058422088623,0.005050772335380316,1.5698643922805786,179.60302734375,179.62588500976562,164.2906036376953
