itr,time,loss,theta,phi,gamma,bx,by,bz
0,0.9583953395485878,-0.8490023016929626,3.102830410003662,0.15617015957832336,1.6301767826080322,159.34356689453125,193.23228454589844,146.32794189453125
1,1.0097554316744208,-0.8631829023361206,3.2102534770965576,0.0995408445596695,1.583757758140564,161.75035095214844,190.36859130859375,149.2510528564453
2,1.1274754665791988,-0.9768431186676025,3.177097797393799,0.024009201675653458,1.5610250234603882,174.2801971435547,175.6854248046875,163.01763916015625
3,1.150404578074813,-0.990014910697937,3.156002998352051,0.03710286319255829,1.5616906881332397,176.79495239257812,178.61434936523438,163.3479461669922
