itr,time,loss,theta,phi,gamma,bx,by,bz
0,1.05395891610533,-0.8119930624961853,3.0017154216766357,0.15226779878139496,1.6293458938598633,155.07997131347656,204.41015625,155.0361328125
1,1.0494703222066164,-0.8122693300247192,3.0051052570343018,0.16199003159999847,1.6296414136886597,155.09963989257812,204.3779754638672,155.04754638671875
2,1.0055052153766155,-0.8153734803199768,3.045642614364624,0.11307942867279053,1.6118556261062622,155.63613891601562,203.49923706054688,155.35325622558594
3,1.0199642898514867,-0.9648768305778503,3.24523663520813,0.01928183063864708,1.5883413553237915,171.74041748046875,177.20889282226562,164.3415985107422
4,1.104316153563559,-0.9986575841903687,3.1300735473632812,0.007384863682091236,1.5662586688995361,179.73460388183594,179.88766479492188,164.8944549560547
