itr,time,loss,theta,phi,gamma,bx,by,bz
0,1.0861284574493766,-0.7751480937004089,2.621044874191284,0.220034658908844,1.5713285207748413,186.07972717285156,210.33712768554688,148.36212158203125
1,1.12480534799397,-0.7760526537895203,2.621419906616211,0.21593452990055084,1.548488974571228,186.063232421875,210.2987823486328,148.37501525878906
2,1.1191525235772133,-0.9588378667831421,3.1389389038085938,0.02471783570945263,1.5582141876220703,171.01385498046875,180.79153442382812,158.206787109375
3,1.1086524045094848,-0.9626665711402893,3.161747694015503,0.05833471566438675,1.5816892385482788,171.1409454345703,180.7354736328125,158.3158416748047
4,1.0688440147787333,-0.9951304197311401,3.1352577209472656,0.015898754820227623,1.5670915842056274,180.26043701171875,178.87550354003906,162.92288208007812
5,1.0752777559682727,-0.9974654316902161,3.149843215942383,-0.002624829299747944,1.5776972770690918,180.36781311035156,180.55316162109375,164.39627075195312
