itr,time,loss,theta,phi,gamma,bx,by,bz
0,1.108231095597148,-0.8727983236312866,3.3281795978546143,0.14834894239902496,1.5281040668487549,189.93804931640625,185.96754455566406,150.93136596679688
1,1.0842833407223225,-0.9826706051826477,3.168118476867676,0.02535843662917614,1.5635147094726562,178.57000732421875,177.6969451904297,158.1362762451172
2,1.1521310601383448,-0.9851229190826416,3.127559185028076,0.0368964858353138,1.5494385957717896,178.58819580078125,178.33056640625,159.82801818847656
3,1.1312870243564248,-0.9983037114143372,3.138739585876465,0.004254165571182966,1.5717980861663818,178.8804168701172,180.59170532226562,165.36392211914062
