itr,time,loss,theta,phi,gamma,bx,by,bz
0,1.107559621334076,-0.868090033531189,2.7968475818634033,0.0021129318047314882,1.56668221950531,198.6402587890625,180.60105895996094,177.3333740234375
1,1.091913927346468,-0.8683831691741943,2.7970895767211914,-0.0010021979687735438,1.5658726692199707,198.61851501464844,180.61074829101562,177.33212280273438
2,1.123348099179566,-0.9639560580253601,3.0544674396514893,-0.03710595518350601,1.5786420106887817,184.1447296142578,186.08375549316406,173.84242248535156
3,1.2172303423285484,-0.9869818091392517,3.0593929290771484,-0.0032430877909064293,1.579346776008606,180.0445556640625,182.67547607421875,165.55577087402344
4,1.287457956932485,-0.997265100479126,3.1374595165252686,0.0038190647028386593,1.5721102952957153,180.88851928710938,180.74789428710938,164.21092224121094
