itr,time,loss,theta,phi,gamma,bx,by,bz
0,0.9740184107795358,-0.7867645025253296,2.9407060146331787,0.189858540892601,1.6070775985717773,151.50013732910156,207.86178588867188,155.05178833007812
1,0.9980299603193998,-0.7874740362167358,2.9582531452178955,0.1763833910226822,1.6300913095474243,151.54006958007812,207.8045196533203,155.06568908691406
2,1.0538553074002266,-0.8075023889541626,2.7701938152313232,0.21788688004016876,1.542704701423645,156.7788543701172,200.2838134765625,156.94602966308594
3,1.095952638424933,-0.937246561050415,3.1629881858825684,0.1694488674402237,1.6025031805038452,173.22711181640625,180.054443359375,162.04798889160156
4,1.1260134298354387,-0.9846837520599365,3.1668508052825928,0.021371308714151382,1.55891752243042,175.5799102783203,177.09613037109375,162.7678680419922
5,1.2191787045449018,-0.9983886480331421,3.143643379211426,0.003849002765491605,1.5708147287368774,180.21839904785156,179.82876586914062,164.07461547851562
6,0.2623261557891965,-0.9983888268470764,3.143700122833252,0.003914527129381895,1.5707842111587524,180.22906494140625,179.82443237304688,164.0779266357422
