itr,time,loss,theta,phi,gamma,bx,by,bz
0,1.0805664276704192,-0.9140802621841431,3.1536755561828613,-0.04755373299121857,1.5467928647994995,191.895263671875,173.7158203125,162.96487426757812
1,1.0453652841970325,-0.9260988235473633,3.018517255783081,-0.007469232194125652,1.5830949544906616,189.9884796142578,175.10545349121094,163.24522399902344
2,1.1132737416774035,-0.9952256679534912,3.1287074089050293,0.001021725358441472,1.572966456413269,181.5653533935547,181.40261840820312,164.4437255859375
