itr,time,loss,theta,phi,gamma,bx,by,bz
0,1.0242563746869564,-0.8266445398330688,2.6018030643463135,0.14942385256290436,1.5393414497375488,189.33859252929688,200.9989471435547,158.6813201904297
1,1.0446581235155463,-0.9325251579284668,2.9479379653930664,0.08132481575012207,1.4932916164398193,177.60487365722656,178.5724639892578,167.24855041503906
2,1.073170485906303,-0.9981576204299927,3.139105796813965,0.0017413618043065071,1.5712777376174927,178.5653533935547,180.4915313720703,166.85496520996094
