itr,time,loss,theta,phi,gamma,bx,by,bz
0,1.001738608814776,-0.7909385561943054,2.9898831844329834,0.20962752401828766,1.632708191871643,153.6299591064453,204.6387481689453,146.80319213867188
1,0.9960664054378867,-0.8025369644165039,2.866068124771118,0.18548284471035004,1.5341960191726685,155.8596649169922,201.19866943359375,149.0444793701172
2,1.0343727692961693,-0.9682349562644958,3.140279531478882,0.05449036881327629,1.565129280090332,172.14564514160156,176.1854705810547,164.5861358642578
3,1.1020414624363184,-0.9726083874702454,3.180349111557007,0.029548076912760735,1.5567439794540405,172.556884765625,176.04783630371094,164.74000549316406
