itr,time,loss,theta,phi,gamma,bx,by,bz
0,1.0656774351373315,-0.7462289929389954,3.03692626953125,0.17033833265304565,1.574453353881836,201.1646728515625,174.8456573486328,142.36016845703125
1,1.1879213899374008,-0.7957310080528259,2.8539035320281982,0.11168598383665085,1.6616919040679932,196.1238250732422,175.974365234375,144.30242919921875
2,1.1541314842179418,-0.8579369187355042,2.821267604827881,0.17682351171970367,1.5702332258224487,189.30267333984375,178.0380401611328,147.3571319580078
3,1.205561582930386,-0.9598901271820068,3.138742208480835,0.04747053608298302,1.5745837688446045,177.07357788085938,182.8569793701172,154.0809783935547
4,1.1911129476502538,-0.9644032716751099,3.1569933891296387,0.05821638181805611,1.5882028341293335,175.99044799804688,182.32522583007812,155.4028778076172
5,1.285576855763793,-0.9832044839859009,3.1591389179229736,0.021634217351675034,1.564818263053894,176.44007873535156,176.76589965820312,160.90769958496094
6,1.2602484365925193,-0.9864104986190796,3.1859166622161865,0.010225080884993076,1.5690443515777588,177.46641540527344,177.30364990234375,160.97142028808594
