itr,time,loss,theta,phi,gamma,bx,by,bz
0,1.0408052820712328,-0.8175679445266724,2.680213689804077,0.04650254547595978,1.611222505569458,185.6811981201172,206.50514221191406,179.496826171875
1,1.0075030103325844,-0.8389749526977539,2.7102127075195312,-0.00504732271656394,1.6705107688903809,184.72445678710938,200.87106323242188,178.30230712890625
2,1.068481707945466,-0.9456716775894165,2.960644245147705,0.07364669442176819,1.5426661968231201,182.30282592773438,182.77383422851562,175.12152099609375
3,1.0741232642903924,-0.9824052453041077,3.070293426513672,-0.022723540663719177,1.5559813976287842,182.10206604003906,180.2740936279297,171.95242309570312
4,1.1377758393064141,-0.9974429607391357,3.1466708183288574,-0.006568020209670067,1.570969581604004,179.29420471191406,180.1371612548828,168.8455352783203
