itr,time,loss,theta,phi,gamma,bx,by,bz
0,0.9756341567263007,-0.9423903226852417,3.1888270378112793,0.0780758187174797,1.5584161281585693,168.22384643554688,175.0519256591797,156.02467346191406
1,1.0621217107400298,-0.9508911967277527,3.251232385635376,0.05990049988031387,1.593648076057434,170.53115844726562,176.10089111328125,157.3001251220703
2,1.0076609151437879,-0.9957523941993713,3.1383917331695557,0.007300797384232283,1.570183277130127,180.3636474609375,180.5323944091797,162.79364013671875
