itr,time,loss,theta,phi,gamma,bx,by,bz
0,1.083604614250362,-0.7901496291160583,3.111097812652588,0.20129841566085815,1.649284839630127,151.06224060058594,195.1991424560547,138.87115478515625
1,1.0383174791932106,-0.9606269001960754,3.1050779819488525,0.029964713379740715,1.5462383031845093,171.41558837890625,175.5196533203125,164.8591766357422
2,1.0695837615057826,-0.9678052663803101,3.1868767738342285,0.025811517611145973,1.5577597618103027,172.062255859375,175.0714874267578,165.5582275390625
