itr,time,loss,theta,phi,gamma,bx,by,bz
0,1.1649872194975615,-0.6392744183540344,3.0611982345581055,-0.16109661757946014,1.338693618774414,193.2784423828125,153.29202270507812,192.7746124267578
1,1.05213712900877,-0.8322440981864929,3.2781403064727783,-0.0906812995672226,1.641075611114502,192.2407684326172,175.4809112548828,190.35667419433594
2,1.0782366003841162,-0.8945809602737427,3.0262556076049805,-0.08138769865036011,1.5643641948699951,191.0692596435547,184.2352294921875,188.95777893066406
3,1.115367766469717,-0.9001452922821045,2.951270580291748,-0.038863230496644974,1.5861036777496338,190.38182067871094,186.35035705566406,188.3062286376953
4,1.169836863875389,-0.9070661664009094,2.878944158554077,-0.014093953184783459,1.567277431488037,188.70289611816406,185.83433532714844,187.12841796875
5,1.1536996401846409,-0.9682892560958862,3.1459879875183105,-0.05319279059767723,1.575234055519104,175.7384796142578,180.8559112548828,177.13983154296875
6,1.214568616822362,-0.9701889157295227,3.135056257247925,-0.02794278971850872,1.5743707418441772,175.99122619628906,181.2344970703125,177.22940063476562
