itr,time,loss,theta,phi,gamma,bx,by,bz
0,1.0122035341337323,-0.8189451694488525,3.4460790157318115,0.011491972021758556,1.540987491607666,176.46131896972656,156.14810180664062,172.3458709716797
1,0.9937293864786625,-0.972106397151947,3.1635820865631104,0.026576224714517593,1.5659061670303345,171.3583984375,178.40182495117188,165.2637939453125
2,1.0363737232983112,-0.9755292534828186,3.1313316822052,0.020291481167078018,1.5538389682769775,172.75791931152344,177.7713165283203,165.539794921875
