itr,time,loss,theta,phi,gamma,bx,by,bz
0,0.9758348446339369,-0.6243889331817627,3.281742811203003,-0.1697472333908081,1.6590352058410645,207.4591064453125,202.3753662109375,147.8740997314453
1,1.1414467301219702,-0.6443127989768982,3.391418218612671,-0.06903143227100372,1.5604743957519531,207.3035125732422,202.29434204101562,147.9937744140625
2,0.9864122746512294,-0.6475444436073303,3.3549082279205322,-0.032275307923555374,1.570647120475769,207.14453125,202.23175048828125,148.1142120361328
3,1.0343538150191307,-0.7919893264770508,3.249871253967285,0.2794666290283203,1.4191266298294067,189.56031799316406,194.6811065673828,158.63575744628906
4,1.099517310038209,-0.9911618828773499,3.1609606742858887,0.013711489737033844,1.5811980962753296,176.90072631835938,181.26414489746094,164.51751708984375
5,1.0946345087140799,-0.9938269257545471,3.126255989074707,-0.0013337312266230583,1.5731505155563354,178.10304260253906,181.2980194091797,163.98690795898438
6,1.1655203327536583,-0.998227596282959,3.1464059352874756,0.004362843465059996,1.569666862487793,179.58860778808594,179.64083862304688,164.0055694580078
