itr,time,loss,theta,phi,gamma,bx,by,bz
0,0.9818573715165257,-0.8835369944572449,2.8178977966308594,-0.010307922959327698,1.5794093608856201,197.1869659423828,185.7533721923828,178.76788330078125
1,1.0432356223464012,-0.9651561975479126,3.108886480331421,-0.05969606339931488,1.5835856199264526,181.1639404296875,184.9970245361328,177.0913543701172
2,1.1494466895237565,-0.9689421653747559,3.095695734024048,-0.032313425093889236,1.5764788389205933,179.0985565185547,184.6596221923828,176.78440856933594
3,1.088288776576519,-0.9862969517707825,3.142411231994629,-0.02113519236445427,1.568833827972412,179.5929412841797,179.21371459960938,173.28848266601562
4,1.1205585170537233,-0.9866411685943604,3.1411750316619873,-0.016057217493653297,1.5721487998962402,179.81129455566406,179.31787109375,173.2950897216797
5,1.187586517073214,-0.9930897355079651,3.1023011207580566,-0.004178316332399845,1.5743743181228638,180.4290008544922,180.81832885742188,170.4525146484375
