itr,time,loss,theta,phi,gamma,bx,by,bz
0,1.0570965865626931,-0.8957637548446655,2.8691983222961426,-0.023822037503123283,1.597873330116272,191.94970703125,192.14854431152344,177.41815185546875
1,0.9884132873266935,-0.8973860144615173,2.848543643951416,0.006901850923895836,1.577117919921875,191.80364990234375,191.9748077392578,177.40074157714844
2,1.0641781240701675,-0.9184503555297852,2.791517734527588,0.027366336435079575,1.5489774942398071,186.8377685546875,186.16390991210938,176.57281494140625
3,1.054706941358745,-0.9786655902862549,3.1341166496276855,-0.02401009574532509,1.5728787183761597,181.43617248535156,179.7794189453125,175.695556640625
4,1.1316483225673437,-0.9944745898246765,3.1342320442199707,-0.0043065487407147884,1.5728684663772583,178.1950225830078,181.12705993652344,169.2860565185547
