itr,time,loss,theta,phi,gamma,bx,by,bz
0,0.9961267244070768,-0.8695963621139526,3.342867851257324,0.02232704870402813,1.5322648286819458,171.25083923339844,160.88479614257812,168.88429260253906
1,1.0521185947582126,-0.9255940914154053,3.20947265625,0.11212117969989777,1.4755609035491943,171.7682342529297,171.09292602539062,167.19818115234375
2,1.0153397219255567,-0.9774429202079773,3.164639949798584,0.025981713086366653,1.5775402784347534,172.50352478027344,180.30007934570312,165.61512756347656
