itr,time,loss,theta,phi,gamma,bx,by,bz
0,0.9671710375696421,-0.8868221640586853,3.292168617248535,0.06746859848499298,1.5205118656158447,168.45314025878906,162.26898193359375,161.733642578125
1,1.054339163005352,-0.8981852531433105,3.2860193252563477,0.0074946023523807526,1.5787283182144165,169.00135803222656,165.1324005126953,161.4752960205078
2,1.06974745541811,-0.9728582501411438,3.1781442165374756,0.05979551374912262,1.573646068572998,172.6661834716797,179.22352600097656,160.73892211914062
3,1.1198205091059208,-0.9980828166007996,3.1422059535980225,0.0044978526420891285,1.5713551044464111,180.4890594482422,179.8260955810547,163.95643615722656
