itr,time,loss,theta,phi,gamma,bx,by,bz
0,1.0206863805651665,-0.7843663692474365,2.5274808406829834,0.2693957984447479,1.4233659505844116,188.9682159423828,198.84169006347656,138.9996337890625
1,1.2747684279456735,-0.7859751582145691,2.500166893005371,0.2892666459083557,1.4161105155944824,188.95619201660156,198.83013916015625,139.01866149902344
2,1.1347870286554098,-0.8025645017623901,2.4391977787017822,0.19982048869132996,1.3342448472976685,185.8122100830078,195.8798370361328,143.51211547851562
3,1.111872710287571,-0.8319988250732422,2.3386342525482178,0.21235162019729614,1.4235848188400269,179.6217803955078,190.0553741455078,152.55014038085938
4,1.183673650957644,-0.8322665095329285,2.3403077125549316,0.21648040413856506,1.4214262962341309,179.73190307617188,190.15554809570312,152.40557861328125
5,1.184849824756384,-0.8528961539268494,2.6027474403381348,0.2619633972644806,1.3826831579208374,176.95700073242188,185.43775939941406,165.96987915039062
6,1.2200689474120736,-0.9588268995285034,3.146740674972534,-0.010551877319812775,1.5312094688415527,179.2508544921875,184.70343017578125,175.70680236816406
7,1.159495996311307,-0.9749789834022522,3.085860013961792,-0.01647675782442093,1.582846999168396,179.1947784423828,184.96946716308594,173.69102478027344
