itr,time,loss,theta,phi,gamma,bx,by,bz
0,1.0757330721244216,-0.8158165216445923,2.759472131729126,0.14688752591609955,1.5933104753494263,183.1860809326172,202.67080688476562,149.9150848388672
1,1.0345225986093283,-0.8193208575248718,2.733442544937134,0.21512669324874878,1.5218188762664795,182.50741577148438,201.3115234375,150.68853759765625
2,1.1145123885944486,-0.8332831859588623,2.498088836669922,0.254183292388916,1.4717694520950317,178.6614532470703,193.66305541992188,154.85752868652344
3,1.1365685099735856,-0.8388181328773499,2.519505500793457,0.2407652586698532,1.4083969593048096,178.5182342529297,193.14950561523438,155.2510528564453
4,1.1508455201983452,-0.8410037755966187,2.536224603652954,0.2260824292898178,1.3750587701797485,177.99525451660156,190.45724487304688,157.5699462890625
5,1.181556936353445,-0.8691720366477966,2.7246646881103516,0.24960240721702576,1.450728178024292,179.18653869628906,181.2516326904297,168.46827697753906
6,1.2367648519575596,-0.9804762601852417,3.0719499588012695,-0.02149265818297863,1.570915937423706,183.9325714111328,182.0612030029297,172.2710723876953
7,1.1958745317533612,-0.9916514158248901,3.109851121902466,-0.02418796345591545,1.5860365629196167,180.30319213867188,180.7474822998047,170.69393920898438
8,1.2237287545576692,-0.9961504340171814,3.1351735591888428,-0.010289497673511505,1.5708087682724,178.99520874023438,180.8827362060547,169.14111328125
