itr,time,loss,theta,phi,gamma,bx,by,bz
0,1.2560089537873864,-0.8918113112449646,2.870877504348755,0.011963702738285065,1.5807859897613525,190.9717254638672,192.58132934570312,166.6560516357422
1,1.0414305552840233,-0.9497787952423096,2.926527500152588,0.0769653469324112,1.5539947748184204,183.02386474609375,183.1062774658203,169.1868133544922
2,1.0737980594858527,-0.9588514566421509,2.9520912170410156,0.002833932638168335,1.5478487014770508,182.8614044189453,182.48062133789062,169.01754760742188
3,1.0198404965922236,-0.9848296642303467,3.1097280979156494,0.013899160549044609,1.5897213220596313,182.7942657470703,178.2423553466797,167.17437744140625
