itr,time,loss,theta,phi,gamma,bx,by,bz
0,0.9748233230784535,-0.9522631764411926,3.134181499481201,0.05939330905675888,1.5826892852783203,173.0218963623047,183.9989013671875,155.0079345703125
1,0.9970227666199207,-0.9865269064903259,3.1297924518585205,0.011920803226530552,1.5738739967346191,177.75936889648438,177.97239685058594,160.9018096923828
2,1.0540708620101213,-0.9896286725997925,3.1670117378234863,0.01649399660527706,1.564720869064331,178.25392150878906,177.42105102539062,161.5075225830078
