itr,time,loss,theta,phi,gamma,bx,by,bz
0,1.0992841310799122,-0.7812359929084778,2.4507522583007812,0.1802554875612259,1.485703468322754,199.27316284179688,193.65045166015625,147.2774200439453
1,1.068085945211351,-0.7825024724006653,2.440502643585205,0.16965577006340027,1.4834649562835693,199.07591247558594,193.56851196289062,147.35440063476562
2,1.111804174259305,-0.7825393080711365,2.435615301132202,0.16406308114528656,1.4827802181243896,198.9817352294922,193.5292510986328,147.3913116455078
3,1.0972804389894009,-0.8124210834503174,2.448472499847412,0.16533538699150085,1.5668582916259766,193.11111450195312,190.5938262939453,150.2306365966797
4,1.1665548970922828,-0.8665464520454407,2.7755513191223145,0.28848135471343994,1.503557562828064,177.9550018310547,181.42056274414062,158.99441528320312
5,1.2291258769109845,-0.873460054397583,2.7688117027282715,0.24897921085357666,1.4690099954605103,177.63795471191406,181.24627685546875,159.27883911132812
6,1.1818503635004163,-0.9252044558525085,3.0448122024536133,0.1487257033586502,1.468137502670288,179.07806396484375,183.27455139160156,159.6099395751953
7,1.1186989387497306,-0.9816616773605347,3.1524758338928223,0.03235857933759689,1.5808680057525635,175.87704467773438,181.8866729736328,160.63885498046875
8,1.1276431512087584,-0.9966552257537842,3.153329610824585,0.00717221898958087,1.5687681436538696,179.90025329589844,179.0857391357422,163.13771057128906
