itr,time,loss,theta,phi,gamma,bx,by,bz
0,1.100918997079134,-0.7673797011375427,3.774160861968994,0.035393260419368744,1.5371562242507935,186.36898803710938,152.44447326660156,166.05215454101562
1,1.2121928231790662,-0.7720625400543213,3.871645450592041,0.02417653799057007,1.5423513650894165,185.522705078125,153.41629028320312,165.84703063964844
2,1.176526116207242,-0.898061215877533,3.3784570693969727,0.056063853204250336,1.5978528261184692,163.10818481445312,180.62986755371094,159.75323486328125
3,1.175777335651219,-0.946056604385376,3.226491689682007,0.07285787910223007,1.567809820175171,167.35243225097656,175.9315185546875,160.7731170654297
4,1.1919893454760313,-0.952564537525177,3.200185775756836,0.038775090128183365,1.551031231880188,170.25819396972656,173.04714965820312,161.4984588623047
5,1.2905148304998875,-0.9863131642341614,3.094672918319702,0.011242613196372986,1.54771089553833,179.19232177734375,178.40591430664062,163.2340545654297
6,0.9697449952363968,-0.9975029230117798,3.144684314727783,0.005287530366331339,1.5700384378433228,180.22169494628906,179.77932739257812,163.44915771484375
