itr,time,loss,theta,phi,gamma,bx,by,bz
0,1.076385018415749,-0.805168867111206,3.030547857284546,-0.19119811058044434,1.5548044443130493,204.8429412841797,178.29354858398438,180.83380126953125
1,1.172473018988967,-0.9070208668708801,3.265561103820801,-0.07552028447389603,1.6905003786087036,182.83486938476562,183.27825927734375,178.3809356689453
2,1.1413193922489882,-0.9686710834503174,3.095834493637085,-0.04633880406618118,1.571886420249939,181.19932556152344,183.21144104003906,177.99090576171875
3,1.0971389804035425,-0.9703111052513123,3.106531858444214,-0.030559448525309563,1.5821157693862915,180.46278381347656,183.38621520996094,177.9070587158203
4,1.246606889180839,-0.9813424348831177,3.1981632709503174,-0.023368680849671364,1.5654749870300293,179.4143524169922,180.51089477539062,173.67007446289062
5,1.3101172419264913,-0.9909877777099609,3.1530134677886963,-0.007687170524150133,1.5696464776992798,178.7825469970703,178.39663696289062,170.63973999023438
