itr,time,loss,theta,phi,gamma,bx,by,bz
0,0.9055346315726638,-0.8549044728279114,3.07372784614563,0.030224209651350975,1.6297458410263062,159.80612182617188,197.71231079101562,175.79840087890625
1,0.9188009658828378,-0.8563761711120605,3.0589001178741455,0.05703049153089523,1.6289726495742798,159.99586486816406,197.3988800048828,175.68130493164062
2,0.9572081891819835,-0.9771733283996582,3.1921534538269043,0.02112589403986931,1.5548882484436035,173.7429656982422,176.97105407714844,168.1464385986328
3,1.0055240336805582,-0.9971171617507935,3.1228537559509277,-0.005587386898696423,1.5760067701339722,178.9342041015625,179.46058654785156,166.1416778564453
