itr,time,loss,theta,phi,gamma,bx,by,bz
0,0.9805429233238101,-0.8909133672714233,3.232703447341919,-0.012479480355978012,1.5553497076034546,191.81561279296875,171.91094970703125,158.031005859375
1,0.9618601938709617,-0.8938949108123779,3.189826011657715,-0.018713675439357758,1.5315359830856323,191.6527862548828,172.0399627685547,158.07139587402344
2,0.9644883619621396,-0.9294911026954651,2.9936907291412354,0.0688280239701271,1.5843528509140015,187.79608154296875,175.26596069335938,159.1042022705078
3,0.9757494376972318,-0.9899901151657104,3.1356441974639893,0.009593297727406025,1.5687530040740967,181.1632080078125,181.05490112304688,161.00079345703125
4,0.8814376480877399,-0.9978503584861755,3.148871898651123,0.006051926873624325,1.5690476894378662,179.10948181152344,179.2940216064453,164.14564514160156
