itr,time,loss,theta,phi,gamma,bx,by,bz
0,0.9924276880919933,-0.8758874535560608,3.2474122047424316,0.15111593902111053,1.5419507026672363,163.0211639404297,167.94456481933594,145.97348022460938
1,0.9648288199678063,-0.8836564421653748,3.1364316940307617,0.1515839546918869,1.497509479522705,164.7372589111328,169.5611572265625,148.18748474121094
2,1.0171733302995563,-0.9926883578300476,3.1376407146453857,0.010530605912208557,1.5748438835144043,177.6573486328125,181.8188934326172,164.67877197265625
