itr,time,loss,theta,phi,gamma,bx,by,bz
0,0.9799934392794967,-0.8633877635002136,3.1775004863739014,0.051781319081783295,1.5801364183425903,151.49685668945312,185.43582153320312,173.54856872558594
1,0.9222884215414524,-0.8725149035453796,3.171574115753174,0.08382389694452286,1.6169997453689575,153.702392578125,184.94728088378906,172.87173461914062
