itr,time,loss,theta,phi,gamma,bx,by,bz
0,0.9093086831271648,-0.8611769080162048,3.2358405590057373,0.029805434867739677,1.5156569480895996,156.62294006347656,166.91461181640625,173.91754150390625
1,0.9363268408924341,-0.958851158618927,3.1539976596832275,0.01956399343907833,1.6293154954910278,171.26870727539062,182.1490478515625,166.07395935058594
2,1.0058622704818845,-0.9818400144577026,3.1279959678649902,-0.030744532123208046,1.5461509227752686,178.10165405273438,182.52227783203125,165.12252807617188
