itr,time,loss,theta,phi,gamma,bx,by,bz
0,0.9877727488055825,-0.9650983214378357,3.2024853229522705,0.022989563643932343,1.5541975498199463,174.2826385498047,172.90875244140625,165.22323608398438
1,0.9395268056541681,-0.9939596652984619,3.1439390182495117,0.014789802953600883,1.5761988162994385,177.27322387695312,180.60902404785156,164.53439331054688
