itr,time,loss,theta,phi,gamma,bx,by,bz
0,0.9943942306563258,-0.784295380115509,3.7238082885742188,0.12154132127761841,1.6236149072647095,185.69500732421875,153.6444549560547,153.69589233398438
1,1.121841830201447,-0.7887232303619385,3.706854820251465,0.13466745615005493,1.6079821586608887,185.20010375976562,154.25747680664062,153.7023468017578
2,1.0146768391132355,-0.802862286567688,3.638533592224121,0.024014148861169815,1.5102384090423584,182.96771240234375,156.89990234375,153.75582885742188
3,0.9834504295140505,-0.9384206533432007,3.188523292541504,0.07598622143268585,1.5598156452178955,168.2766876220703,174.72027587890625,154.53257751464844
4,0.964536877349019,-0.9392024874687195,3.2112514972686768,0.07421128451824188,1.5577871799468994,169.0710906982422,173.791015625,154.50619506835938
5,1.057557176798582,-0.9542188048362732,3.1558263301849365,0.08411847800016403,1.525935411453247,172.35952758789062,174.93063354492188,156.49400329589844
6,1.0896010510623455,-0.9959169626235962,3.1434178352355957,0.008684469386935234,1.570898413658142,180.74893188476562,180.03594970703125,162.7942352294922
7,1.0319417035207152,-0.9980758428573608,3.142986536026001,0.01113066915422678,1.575749158859253,179.46925354003906,179.88111877441406,164.43109130859375
