itr,time,loss,theta,phi,gamma,bx,by,bz
0,0.8924570269882679,-0.8553861379623413,3.2221899032592773,0.061308473348617554,1.5316269397735596,153.19224548339844,170.37928771972656,175.707275390625
1,0.9653717903420329,-0.8947296738624573,3.0103368759155273,0.10015138983726501,1.4948348999023438,162.21755981445312,176.71739196777344,170.95790100097656
2,1.0203264122828841,-0.9744067192077637,3.1220812797546387,0.021943509578704834,1.5824060440063477,174.3111572265625,184.5022430419922,164.95602416992188
3,1.0056907059624791,-0.9752596616744995,3.144054412841797,0.016296997666358948,1.5852535963058472,174.1365966796875,184.10398864746094,165.16690063476562
