itr,time,loss,theta,phi,gamma,bx,by,bz
0,0.9518161388114095,-0.8390600085258484,2.846177101135254,0.09126905351877213,1.6168544292449951,176.60166931152344,205.0841522216797,163.47557067871094
1,0.9476706581190228,-0.8409085869789124,2.865654945373535,0.09100961685180664,1.6240170001983643,176.54806518554688,204.76812744140625,163.49258422851562
2,1.0072193192318082,-0.9769830107688904,3.1533875465393066,0.024681707844138145,1.5739339590072632,172.42063903808594,180.41519165039062,164.8390350341797
