itr,time,loss,theta,phi,gamma,bx,by,bz
0,1.009686155244708,-0.8045395612716675,2.2490220069885254,0.32062041759490967,1.330202341079712,168.11196899414062,192.61683654785156,178.18548583984375
1,1.0216607125476003,-0.8913117051124573,3.0006728172302246,-0.027181940153241158,1.6639145612716675,169.09890747070312,192.437744140625,178.04872131347656
2,1.0057829963043332,-0.9052252769470215,3.070495843887329,-0.0064642708748579025,1.5996575355529785,169.0765380859375,192.4078826904297,178.01864624023438
3,1.092373464256525,-0.9254189133644104,3.0437870025634766,0.003946883603930473,1.5933477878570557,170.9684295654297,189.71176147460938,177.00828552246094
4,1.1025263350456953,-0.9869433641433716,3.14607834815979,-0.013969245366752148,1.5703591108322144,178.6761474609375,179.37490844726562,173.0558624267578
5,1.1555276289582253,-0.9917976260185242,3.1738033294677734,-0.007718609645962715,1.5700130462646484,180.58938598632812,179.11618041992188,170.58151245117188
6,1.2234657257795334,-0.9976122975349426,3.128948450088501,-0.002741564530879259,1.5735446214675903,181.09031677246094,180.78826904296875,168.05764770507812
