itr,time,loss,theta,phi,gamma,bx,by,bz
0,1.0432571526616812,-0.9670929312705994,3.1732373237609863,-0.00353428116068244,1.5588874816894531,173.34214782714844,176.28834533691406,172.75067138671875
1,0.9968173336237669,-0.9695798754692078,3.160457134246826,-0.003127239178866148,1.5715949535369873,173.6916961669922,176.65516662597656,172.48858642578125
2,1.0688729379326105,-0.9945067167282104,3.1269800662994385,-0.004932666663080454,1.5725221633911133,178.4994659423828,181.60015869140625,168.90235900878906
