itr,time,loss,theta,phi,gamma,bx,by,bz
0,1.0221397979184985,-0.9286980032920837,3.1327295303344727,0.04742303490638733,1.5995616912841797,165.4577178955078,187.5108642578125,166.14053344726562
1,1.0719848461449146,-0.9299829602241516,3.1361773014068604,0.02017977274954319,1.5741745233535767,165.83384704589844,187.16696166992188,166.13461303710938
2,1.0764522226527333,-0.9791278839111328,3.0779881477355957,-0.0026983534917235374,1.577123999595642,175.7146759033203,178.62985229492188,166.1631622314453
3,1.1086832974106073,-0.9918745756149292,3.159534215927124,0.005636739544570446,1.5643872022628784,177.1533966064453,177.6343994140625,166.16802978515625
