itr,time,loss,theta,phi,gamma,bx,by,bz
0,1.072450328618288,-0.8335860967636108,2.7703323364257812,0.14412300288677216,1.386461853981018,179.1426239013672,177.28518676757812,183.1663055419922
1,1.0226990431547165,-0.945294201374054,3.1529412269592285,-0.04179505631327629,1.5699502229690552,179.06369018554688,177.66722106933594,182.7554931640625
2,1.0298875775188208,-0.9541917443275452,3.211921215057373,-0.05439826101064682,1.5587140321731567,179.00160217285156,179.28611755371094,180.74581909179688
3,1.1838153721764684,-0.9786447286605835,3.1081364154815674,-0.019087152555584908,1.57766592502594,178.873779296875,183.55430603027344,174.58262634277344
