itr,time,loss,theta,phi,gamma,bx,by,bz
0,1.0524177653715014,-0.8353097438812256,3.2208282947540283,0.036633629351854324,1.5214673280715942,156.32241821289062,163.6503143310547,178.35133361816406
1,0.9997584084048867,-0.8362685441970825,3.255007266998291,0.040213387459516525,1.5056484937667847,156.33724975585938,163.6726837158203,178.33860778808594
2,1.0157826375216246,-0.8432511687278748,3.1959309577941895,0.003132482524961233,1.4826407432556152,157.3891143798828,165.249267578125,177.442626953125
3,1.1124884523451328,-0.9562194347381592,3.2111194133758545,-0.005858504679054022,1.553228735923767,170.16017150878906,183.11521911621094,167.45852661132812
4,1.1816427437588573,-0.9657968282699585,3.133054494857788,0.032026663422584534,1.5839498043060303,171.48745727539062,184.22006225585938,166.74623107910156
