itr,time,loss,theta,phi,gamma,bx,by,bz
0,0.9877055296674371,-0.8721649050712585,3.2578296661376953,0.15151819586753845,1.5476280450820923,160.00709533691406,167.63038635253906,148.1165008544922
1,1.0064481515437365,-0.9479849338531494,3.2648894786834717,0.012333405204117298,1.6242187023162842,171.8096466064453,178.94834899902344,158.53073120117188
2,1.044229056686163,-0.9825439453125,3.1452157497406006,0.002046729903668165,1.5636608600616455,176.4984130859375,182.6224822998047,162.37289428710938
3,1.0213753571733832,-0.9875310063362122,3.1120493412017822,0.029072389006614685,1.5770193338394165,178.04763793945312,182.7796173095703,163.48080444335938
