itr,time,loss,theta,phi,gamma,bx,by,bz
0,0.9752863412722945,-0.8257365226745605,3.428182363510132,0.16289925575256348,1.52347993850708,168.75613403320312,155.72723388671875,144.27122497558594
1,1.0666277259588242,-0.8259077668190002,3.413343906402588,0.1563950479030609,1.520065188407898,168.7560272216797,155.7418975830078,144.27735900878906
2,1.1227482287213206,-0.8848080039024353,3.3712503910064697,0.014436190016567707,1.6087727546691895,168.7064971923828,168.92794799804688,150.0487060546875
3,1.0497528612613678,-0.9557878375053406,3.1376991271972656,0.07210090756416321,1.5760852098464966,170.1419219970703,181.1249237060547,157.5133056640625
4,1.1082662465050817,-0.9595203995704651,3.181659460067749,0.05691814422607422,1.6046983003616333,171.13461303710938,181.22518920898438,158.2432098388672
