itr,time,loss,theta,phi,gamma,bx,by,bz
0,0.9881433453410864,-0.882965087890625,3.1915059089660645,0.025077426806092262,1.5760231018066406,156.12008666992188,181.88888549804688,176.6307373046875
1,1.0407116143032908,-0.9407724142074585,3.265688896179199,-0.0766611322760582,1.578749179840088,170.14373779296875,181.99632263183594,169.64901733398438
2,1.0471248868852854,-0.9969689249992371,3.168013334274292,0.004875022452324629,1.5637468099594116,179.4713592529297,178.4660186767578,165.42088317871094
