itr,time,loss,theta,phi,gamma,bx,by,bz
0,1.03096978738904,-0.7944344878196716,3.2070987224578857,-0.054187189787626266,1.5642855167388916,150.19363403320312,180.7954559326172,196.67405700683594
1,1.1311207674443722,-0.8535436987876892,3.21848464012146,-0.18123623728752136,1.5139044523239136,161.28884887695312,182.0207977294922,185.55123901367188
2,1.087066212669015,-0.9879536628723145,3.106238842010498,-0.003337811678647995,1.57688307762146,179.98814392089844,183.83912658691406,167.65785217285156
