itr,time,loss,theta,phi,gamma,bx,by,bz
0,1.0675897486507893,-0.8206851482391357,2.8282320499420166,0.10793512314558029,1.6158127784729004,174.9610595703125,208.1081085205078,160.33755493164062
1,1.072546610608697,-0.8233802318572998,2.872607707977295,0.11900760978460312,1.6403295993804932,174.88784790039062,207.326904296875,160.45941162109375
2,1.061488451436162,-0.9744192957878113,3.150836706161499,0.010919132269918919,1.5550706386566162,172.2718048095703,180.38427734375,164.82952880859375
3,1.0647042598575354,-0.9814543724060059,3.136061191558838,0.029177898541092873,1.588940143585205,174.7586669921875,182.68649291992188,164.68894958496094
