itr,time,loss,theta,phi,gamma,bx,by,bz
0,1.0120241325348616,-0.8750730156898499,3.1669657230377197,0.2750689387321472,1.5686057806015015,167.39805603027344,181.18115234375,165.7672576904297
1,0.9846119992434978,-0.9559634327888489,3.1676058769226074,0.03408335521817207,1.5718671083450317,167.84555053710938,180.75924682617188,165.6094970703125
2,1.0185857992619276,-0.9657543897628784,3.200146436691284,0.030904404819011688,1.5988085269927979,170.84732055664062,180.43081665039062,165.56625366210938
