itr,time,loss,theta,phi,gamma,bx,by,bz
0,0.9601331911981106,-0.8349599242210388,3.1406219005584717,0.20604269206523895,1.6134058237075806,152.97999572753906,188.221435546875,144.1636505126953
1,1.0279686069115996,-0.9413710832595825,3.3456459045410156,0.03169864043593407,1.601536512374878,172.55886840820312,174.5283203125,162.7488250732422
2,1.0477928072214127,-0.9711319804191589,3.1655051708221436,0.042096350342035294,1.5452748537063599,173.41148376464844,175.01144409179688,163.0699920654297
