itr,time,loss,theta,phi,gamma,bx,by,bz
0,1.1695851776748896,-0.9509162902832031,3.186429500579834,0.010267836973071098,1.5535756349563599,169.2501983642578,175.25294494628906,171.529296875
1,0.9813971854746342,-0.9833192825317383,3.189439296722412,0.019376514479517937,1.5414599180221558,176.4942626953125,180.080078125,168.571533203125
