itr,time,loss,theta,phi,gamma,bx,by,bz
0,0.9605118641629815,-0.9363177418708801,3.2028112411499023,-0.03373065963387489,1.5608049631118774,175.02127075195312,174.49185180664062,180.7436065673828
1,0.07702662236988544,-0.9363177418708801,3.202711820602417,-0.033934541046619415,1.5603464841842651,175.02139282226562,174.4923095703125,180.7432403564453
2,0.971337515860796,-0.9385387301445007,3.165578603744507,-0.019126325845718384,1.564662218093872,175.10940551757812,174.83331298828125,180.47940063476562
3,1.0699604768306017,-0.9777679443359375,3.09559965133667,-0.017304789274930954,1.5753767490386963,177.36767578125,183.42483520507812,173.92323303222656
4,1.0619002673774958,-0.9789745807647705,3.12458872795105,-0.02161080576479435,1.5747467279434204,177.2081756591797,182.70587158203125,174.42916870117188
5,1.0302637796849012,-0.9936249852180481,3.1579856872558594,-0.011659925803542137,1.558314561843872,180.4644012451172,180.5077362060547,169.7432403564453
6,1.112492355518043,-0.9976349472999573,3.1366758346557617,-0.006091802380979061,1.5736511945724487,181.321533203125,180.43502807617188,168.02847290039062
