itr,time,loss,theta,phi,gamma,bx,by,bz
0,0.979645861312747,-0.9020997881889343,3.0501954555511475,-0.05776457116007805,1.5760401487350464,186.1571807861328,183.5109100341797,191.99417114257812
1,0.9702963083982468,-0.9026012420654297,3.0453572273254395,-0.07092011719942093,1.5783171653747559,186.09884643554688,183.50918579101562,191.88058471679688
2,0.9907800033688545,-0.9824882745742798,3.1628317832946777,-0.018390145152807236,1.5661369562149048,175.44187927246094,182.12791442871094,170.19012451171875
3,1.088941658847034,-0.990040123462677,3.11592960357666,0.006597490981221199,1.5868216753005981,177.0333251953125,180.3877716064453,168.63536071777344
4,1.142330533824861,-0.997545599937439,3.1518425941467285,0.0014625780750066042,1.567234992980957,178.8315887451172,178.8968963623047,167.17904663085938
