itr,time,loss,theta,phi,gamma,bx,by,bz
0,0.9662346402183175,-0.8768956065177917,3.355086088180542,-0.005952564068138599,1.5349935293197632,176.32118225097656,163.64735412597656,174.61727905273438
1,1.0234067970886827,-0.960024893283844,3.1166422367095947,0.05201147869229317,1.5025389194488525,174.69798278808594,177.0630645751953,170.23143005371094
2,0.9695862615481019,-0.9863278269767761,3.1785995960235596,0.0044478015042841434,1.5635497570037842,175.4811248779297,180.3472442626953,168.84779357910156
