itr,time,loss,theta,phi,gamma,bx,by,bz
0,0.9686230616644025,-0.8692748546600342,3.1804699897766113,-0.06952619552612305,1.5436731576919556,173.81285095214844,176.39019775390625,195.710693359375
1,0.9870065273717046,-0.9141778945922852,3.2668490409851074,-0.11073886603116989,1.5479934215545654,176.09426879882812,183.2966766357422,185.989013671875
2,1.077155658043921,-0.9427661895751953,3.0710487365722656,-0.015552647411823273,1.5373040437698364,177.2507781982422,185.66720581054688,180.96951293945312
3,1.149328926578164,-0.9531403183937073,3.0672175884246826,-0.03115267865359783,1.5902328491210938,177.9192352294922,186.9497528076172,178.2164306640625
4,1.1326836440712214,-0.9773901104927063,3.0303261280059814,-0.0009295577183365822,1.552579402923584,180.33831787109375,183.00584411621094,171.09262084960938
