itr,time,loss,theta,phi,gamma,bx,by,bz
0,1.0128049617633224,-0.6531009078025818,3.1665875911712646,-0.170951709151268,1.4460209608078003,203.5261993408203,159.5548553466797,161.9005126953125
1,1.0520135955885053,-0.7794514298439026,2.882084369659424,0.11866819858551025,1.6368978023529053,196.67469787597656,166.81341552734375,164.31568908691406
2,1.0994183383882046,-0.9098932147026062,2.800830125808716,0.09464439749717712,1.539556860923767,183.73150634765625,181.07888793945312,168.59811401367188
3,1.0945736644789577,-0.9842458963394165,3.104788303375244,-0.015551658347249031,1.5790092945098877,184.21849060058594,182.94720458984375,168.67010498046875
4,1.136625139042735,-0.9984554648399353,3.1402525901794434,-0.00282014487311244,1.5693978071212769,179.8509521484375,180.22909545898438,168.3629913330078
5,1.193912054412067,-0.9985916614532471,3.141585350036621,-0.0034479391761124134,1.5708353519439697,180.06021118164062,180.00538635253906,168.28829956054688
6,1.0684509687125683,-0.9987389445304871,3.140394449234009,-0.0010900398483499885,1.570940375328064,180.0062713623047,179.93641662597656,168.1134033203125
