itr,time,loss,theta,phi,gamma,bx,by,bz
0,0.9965655812993646,-0.8131020069122314,3.2998430728912354,0.004816081374883652,1.4894970655441284,154.973876953125,161.7023468017578,181.9866485595703
1,1.0508680241182446,-0.827958881855011,3.423358201980591,-0.04307546466588974,1.5690075159072876,157.65951538085938,164.690673828125,178.81243896484375
2,1.0917789889499545,-0.9056508541107178,3.2279646396636963,0.055199358612298965,1.4659167528152466,165.03147888183594,174.20460510253906,172.18569946289062
3,1.1471912823617458,-0.9723578095436096,3.154942512512207,0.016239935532212257,1.5779836177825928,172.2380828857422,182.98033142089844,166.12518310546875
