itr,time,loss,theta,phi,gamma,bx,by,bz
0,1.021316746249795,-0.6125559210777283,3.4002509117126465,0.6229596734046936,1.083159327507019,177.57249450683594,183.02003479003906,187.66783142089844
1,0.9963921457529068,-0.901439905166626,2.8797104358673096,-0.003848074236884713,1.5664831399917603,179.0446319580078,183.5653533935547,186.935791015625
2,1.0304653979837894,-0.9387060403823853,3.1237142086029053,-0.054386068135499954,1.5864784717559814,179.64500427246094,183.96646118164062,185.68695068359375
3,1.0567918056622148,-0.9438295364379883,3.0415587425231934,-0.03933901712298393,1.5935533046722412,180.1179962158203,183.88885498046875,183.8433837890625
4,1.1765117207542062,-0.978906512260437,3.085724353790283,-0.006972429808229208,1.5740159749984741,183.81980895996094,184.23721313476562,170.43936157226562
5,1.1390120889991522,-0.99204421043396,3.1123318672180176,0.022696927189826965,1.5595717430114746,181.92495727539062,179.048095703125,165.4927215576172
6,1.2536988956853747,-0.997338056564331,3.1442947387695312,-0.0037327618338167667,1.5695114135742188,181.6753387451172,179.4814910888672,167.03530883789062
