itr,time,loss,theta,phi,gamma,bx,by,bz
0,1.1506774919107556,-0.9371181130409241,3.069690704345703,-0.02268945798277855,1.5876253843307495,190.478759765625,185.64918518066406,165.46018981933594
1,1.006945963948965,-0.9577779173851013,3.0237741470336914,-0.03915972262620926,1.5779526233673096,187.3642120361328,184.00820922851562,165.9038543701172
