itr,time,loss,theta,phi,gamma,bx,by,bz
0,1.015679420903325,-0.7738750576972961,2.9008126258850098,0.21802844107151031,1.623543620109558,157.66204833984375,210.9727020263672,146.65060424804688
1,1.1547235557809472,-0.7800987362861633,2.984410047531128,0.14824625849723816,1.6673532724380493,158.36859130859375,209.39537048339844,147.54586791992188
2,1.0500310249626637,-0.9488478302955627,3.23110032081604,0.038001321256160736,1.5517792701721191,169.26626586914062,182.21295166015625,161.80601501464844
3,1.119681790471077,-0.9713357090950012,3.168172597885132,0.03776084631681442,1.5615735054016113,171.67236328125,177.0794677734375,164.53762817382812
