itr,time,loss,theta,phi,gamma,bx,by,bz
0,1.0728654507547617,-0.7634559273719788,3.756593704223633,-0.022515492513775826,1.568459153175354,183.653564453125,156.5359344482422,183.6356964111328
1,1.1420494625344872,-0.7643941044807434,3.748948574066162,-0.015606903471052647,1.5659316778182983,183.6199188232422,156.63829040527344,183.57806396484375
2,1.147820919752121,-0.799786388874054,3.705439329147339,-0.10826269537210464,1.4615793228149414,181.02609252929688,164.066162109375,179.5337677001953
3,1.2218035543337464,-0.8823598623275757,3.4862163066864014,0.08183837682008743,1.505407691001892,176.89064025878906,176.2447967529297,172.7364501953125
4,1.1721006883308291,-0.9875140190124512,3.14341402053833,-0.004197234287858009,1.5691568851470947,175.8265380859375,179.73406982421875,170.1708221435547
