itr,time,loss,theta,phi,gamma,bx,by,bz
0,1.0099452529102564,-0.8119669556617737,3.304914951324463,0.10268491506576538,1.496195912361145,150.70431518554688,158.7834930419922,171.50167846679688
1,1.0487085757777095,-0.8214035630226135,3.365173816680908,0.040451351553201675,1.5270600318908691,151.8075408935547,160.42193603515625,170.8810577392578
2,1.0644036531448364,-0.8657751679420471,3.444260358810425,0.06300463527441025,1.6612483263015747,160.4208984375,173.2384033203125,166.08978271484375
3,1.083910008892417,-0.9499712586402893,3.138216733932495,0.0633198469877243,1.5936731100082397,168.09661865234375,183.7182159423828,162.10507202148438
4,1.1287296880036592,-0.9981797337532043,3.1459054946899414,0.004315919242799282,1.5705598592758179,179.94464111328125,179.57763671875,163.92034912109375
