itr,time,loss,theta,phi,gamma,bx,by,bz
0,0.954702734015882,-0.9560441970825195,3.1661834716796875,0.05567019060254097,1.569042682647705,178.3490447998047,179.7277374267578,151.26451110839844
1,1.0412615220993757,-0.9888247847557068,3.1910016536712646,0.018145952373743057,1.554520606994629,178.9854736328125,177.617431640625,161.49337768554688
2,1.0429430734366179,-0.9933846592903137,3.161149501800537,0.022382104769349098,1.5639917850494385,179.19264221191406,177.60525512695312,164.2120819091797
