itr,time,loss,theta,phi,gamma,bx,by,bz
0,0.958839357830584,-0.9323272109031677,3.014434337615967,0.0018648919649422169,1.5855158567428589,187.8010711669922,188.2808074951172,162.62872314453125
1,0.9887781133875251,-0.9403550624847412,3.088078260421753,-0.00577783677726984,1.5431287288665771,186.88890075683594,186.9442901611328,163.04330444335938
2,1.0467010149732232,-0.99729323387146,3.1413910388946533,-7.568649016320705e-05,1.5702728033065796,181.64935302734375,179.35812377929688,165.39041137695312
