itr,time,loss,theta,phi,gamma,bx,by,bz
0,1.1086231479421258,-0.8137866258621216,3.3088788986206055,0.03239147737622261,1.4970067739486694,158.13031005859375,157.83824157714844,177.112548828125
1,1.0701227225363255,-0.8153398036956787,3.3024752140045166,0.04977157339453697,1.5010677576065063,158.21043395996094,158.06869506835938,177.01712036132812
2,1.0469894409179688,-0.8739717602729797,3.0028390884399414,0.10152536630630493,1.488754391670227,162.86907958984375,170.8365936279297,171.1210479736328
3,1.0714473612606525,-0.9596591591835022,3.166517496109009,0.023863326758146286,1.57982337474823,169.10971069335938,182.46568298339844,165.41383361816406
4,1.119127495214343,-0.9661813378334045,3.136610746383667,0.01681840606033802,1.6066460609436035,171.72906494140625,182.94874572753906,164.85543823242188
