itr,time,loss,theta,phi,gamma,bx,by,bz
0,1.0779424384236336,-0.8883448839187622,2.790289878845215,0.015128492377698421,1.569322943687439,190.2310028076172,194.55917358398438,172.3199462890625
1,1.0353125557303429,-0.888897716999054,2.794970989227295,0.026884958148002625,1.5755902528762817,190.1942138671875,194.4964599609375,172.32493591308594
2,1.086104973219335,-0.9655110836029053,3.1792075634002686,-0.03877188637852669,1.576023817062378,184.24281311035156,184.3112030029297,173.21926879882812
3,1.0951025001704693,-0.98576420545578,3.1340925693511963,-0.018978649750351906,1.5733088254928589,181.8508758544922,180.24720764160156,173.4707794189453
4,1.1532084308564663,-0.9951317310333252,3.1362271308898926,-0.010399593971669674,1.5808340311050415,179.55552673339844,181.0521240234375,169.72630310058594
