itr,time,loss,theta,phi,gamma,bx,by,bz
0,1.169233693741262,-0.8528722524642944,3.10229754447937,0.004769980441778898,1.6070165634155273,157.1025848388672,193.7900848388672,180.9728546142578
1,1.0292745204642415,-0.8567753434181213,3.094022274017334,0.027562174946069717,1.5729255676269531,157.89913940429688,192.94735717773438,180.4662322998047
2,1.0362836588174105,-0.9532619714736938,3.1528306007385254,0.0062788017094135284,1.5745742321014404,168.92176818847656,181.3920440673828,173.542236328125
