itr,time,loss,theta,phi,gamma,bx,by,bz
0,1.015364077873528,-0.7233144640922546,3.1739726066589355,-0.2046525776386261,1.6743175983428955,207.4230194091797,195.49569702148438,166.22946166992188
1,1.1022907895967364,-0.933834433555603,3.119863986968994,0.07641386985778809,1.509487271308899,186.626708984375,184.6983184814453,172.64697265625
2,1.069018829613924,-0.9854351282119751,3.125004291534424,-0.019441362470388412,1.5773485898971558,180.42901611328125,181.45826721191406,174.08926391601562
3,0.6189246578142047,-0.9854357242584229,3.1249725818634033,-0.019290145486593246,1.5774515867233276,180.42608642578125,181.4566192626953,174.089599609375
4,1.1128480676561594,-0.9939987063407898,3.153879165649414,0.007396708708256483,1.5548417568206787,179.1771697998047,179.43959045410156,169.29541015625
