itr,time,loss,theta,phi,gamma,bx,by,bz
0,1.0723982602357864,-0.8227052688598633,3.028474807739258,0.18129020929336548,1.6128087043762207,165.41822814941406,194.53543090820312,138.66297912597656
1,1.091539828106761,-0.8413060307502747,3.0804951190948486,0.1929282397031784,1.7104095220565796,166.30201721191406,191.6540985107422,142.30149841308594
2,1.1071158153936267,-0.9688795804977417,3.2015905380249023,0.011843137443065643,1.5740137100219727,172.35279846191406,175.9197235107422,162.87193298339844
