itr,time,loss,theta,phi,gamma,bx,by,bz
0,0.9683522582054138,-0.7918739318847656,3.3483781814575195,-0.006456275936216116,1.502614140510559,164.1295623779297,157.39401245117188,185.63168334960938
1,1.0324195018038154,-0.8138112425804138,3.2005882263183594,0.11767318099737167,1.3952378034591675,164.7977752685547,163.80699157714844,181.8822784423828
2,1.0801204228773713,-0.9454984068870544,3.1528682708740234,0.016910497099161148,1.5724334716796875,166.6591796875,182.09841918945312,171.3387908935547
