itr,time,loss,theta,phi,gamma,bx,by,bz
0,1.0385005101561546,-0.8835885524749756,3.030881404876709,0.10959596186876297,1.6077157258987427,173.26318359375,192.9812469482422,148.95384216308594
1,1.0183697268366814,-0.9739041924476624,3.16971492767334,0.0472734272480011,1.5617350339889526,173.3175048828125,177.90402221679688,159.7806396484375
2,1.0486215017735958,-0.9968894124031067,3.1252288818359375,0.003368152305483818,1.566477656364441,181.05120849609375,180.1160888671875,164.07061767578125
