itr,time,loss,theta,phi,gamma,bx,by,bz
0,0.9943614369258285,-0.5281490683555603,2.9974524974823,0.8993973135948181,1.0484708547592163,164.51364135742188,188.06298828125,186.79364013671875
1,1.3152855224907398,-0.5395357012748718,3.2072231769561768,0.9089462161064148,1.1802854537963867,164.57240295410156,188.06275939941406,186.7943878173828
2,1.1607775026932359,-0.8501073122024536,2.998516798019409,0.1366136074066162,1.6017169952392578,166.6884307861328,187.15780639648438,186.15782165527344
3,1.052374504506588,-0.904283881187439,3.117190361022949,-0.06542060524225235,1.5781481266021729,167.7454071044922,186.55419921875,185.6499786376953
4,0.9994821818545461,-0.9046874642372131,3.1402368545532227,-0.06321194022893906,1.5742493867874146,167.7919464111328,186.52223205566406,185.61325073242188
5,1.1065496411174536,-0.9263561367988586,3.1641995906829834,-0.012468671426177025,1.6294666528701782,171.50808715820312,183.6581573486328,182.24647521972656
6,1.1523858895525336,-0.9755208492279053,3.1558265686035156,-0.019557666033506393,1.5706923007965088,179.63462829589844,177.48690795898438,175.06582641601562
7,1.1481231981888413,-0.9950889348983765,3.109610080718994,-0.0058550662361085415,1.5743192434310913,181.39404296875,181.3446807861328,168.81539916992188
