itr,time,loss,theta,phi,gamma,bx,by,bz
0,0.9636646779254079,-0.8291550278663635,3.2506425380706787,0.12844303250312805,1.5523406267166138,154.10252380371094,188.27337646484375,147.06495666503906
1,1.0594494054093957,-0.9770963788032532,3.1726882457733154,0.027056826278567314,1.5564756393432617,174.92355346679688,175.08322143554688,164.34873962402344
2,1.0729377567768097,-0.9951577186584473,3.178657293319702,0.02141406759619713,1.5645943880081177,179.85411071777344,179.9956817626953,165.7368621826172
