itr,time,loss,theta,phi,gamma,bx,by,bz
0,0.9816791294142604,-0.9086737036705017,3.0251593589782715,0.06696919351816177,1.6019219160079956,172.37530517578125,194.3289031982422,161.22962951660156
1,0.9902471918612719,-0.9094732403755188,3.0125138759613037,0.05404870957136154,1.6194453239440918,172.408935546875,194.06106567382812,161.26617431640625
2,1.0222582537680864,-0.9172755479812622,3.0621531009674072,0.10197506844997406,1.6010587215423584,172.69725036621094,192.3878631591797,161.512451171875
3,1.0687622055411339,-0.9826189279556274,3.1043405532836914,0.003194112330675125,1.5698877573013306,175.17835998535156,180.7744598388672,163.28736877441406
4,1.1114122476428747,-0.9893677234649658,3.1733124256134033,0.013477089814841747,1.5624874830245972,176.27957153320312,177.91903686523438,163.88587951660156
