itr,time,loss,theta,phi,gamma,bx,by,bz
0,1.01903959736228,-0.8287767171859741,3.266176700592041,-0.05175943672657013,1.5292366743087769,159.28309631347656,168.9408721923828,190.12973022460938
1,1.0609537484124303,-0.9453397989273071,3.2215065956115723,-0.017775733023881912,1.5861908197402954,170.22970581054688,182.5937042236328,176.3338623046875
2,1.1075904937461019,-0.9641091823577881,3.0975093841552734,0.004618578590452671,1.5727871656417847,173.81858825683594,185.43006896972656,172.26983642578125
3,1.1217408804222941,-0.9719442129135132,3.055421829223633,-0.009584303945302963,1.5619136095046997,177.3439483642578,185.5900421142578,168.984375
