itr,time,loss,theta,phi,gamma,bx,by,bz
0,0.9579873811453581,-0.8278958797454834,3.158663511276245,0.02256873995065689,1.7227414846420288,176.00819396972656,195.02503967285156,189.06028747558594
1,1.2903683707118034,-0.8739886283874512,3.0010933876037598,-0.05658980831503868,1.600972294807434,176.01321411132812,195.00181579589844,189.04342651367188
2,1.055675103329122,-0.9531115889549255,3.0792229175567627,-0.046787574887275696,1.5971931219100952,178.26754760742188,179.7611541748047,180.7974853515625
3,1.1039332300424576,-0.9666165709495544,3.1546571254730225,-0.03782564029097557,1.6082910299301147,178.90887451171875,179.48672485351562,177.62982177734375
4,1.1373392501845956,-0.9777004718780518,3.211536407470703,-0.03358033299446106,1.563416838645935,179.60862731933594,178.9810791015625,174.21226501464844
