itr,time,loss,theta,phi,gamma,bx,by,bz
0,0.9671954847872257,-0.6047050356864929,2.9276232719421387,0.18780237436294556,1.62631356716156,206.3883056640625,164.3206787109375,141.4976043701172
1,0.9893086031079292,-0.6086814999580383,2.921015739440918,0.25530683994293213,1.6687769889831543,205.9560089111328,164.59959411621094,141.639892578125
2,1.0351865841075778,-0.7151426672935486,3.014482021331787,-0.0686785876750946,1.585261583328247,198.1237335205078,169.3860626220703,143.86935424804688
3,1.1028235694393516,-0.948390007019043,3.165361166000366,0.04946744814515114,1.570065975189209,180.16952514648438,180.4932861328125,150.08853149414062
4,1.1084978599101305,-0.9513605237007141,3.164400100708008,0.07213019579648972,1.5594955682754517,179.3025360107422,180.79161071777344,150.75416564941406
5,1.169561124406755,-0.9826732277870178,3.1696972846984863,0.021878184750676155,1.56212317943573,176.423583984375,176.74908447265625,160.5321502685547
