itr,time,loss,theta,phi,gamma,bx,by,bz
0,0.9700563289225101,-0.8107039928436279,2.8895652294158936,0.08883311599493027,1.6236371994018555,165.22271728515625,209.70115661621094,163.93130493164062
1,1.0210383096709847,-0.9782570004463196,3.1819636821746826,0.03217903897166252,1.5729001760482788,173.04466247558594,178.5430450439453,164.0339813232422
2,1.0499510625377297,-0.9799314141273499,3.1533453464508057,0.022578729316592216,1.5608214139938354,173.40660095214844,178.24961853027344,164.0581817626953
3,1.1066724499687552,-0.9978870153427124,3.1667139530181885,-0.0012933241669088602,1.5721356868743896,179.97238159179688,179.0688018798828,165.00709533691406
