itr,time,loss,theta,phi,gamma,bx,by,bz
0,1.1210291255265474,-0.8673808574676514,3.0920374393463135,-0.04695039242506027,1.6008496284484863,196.97628784179688,187.6217498779297,165.92189025878906
1,1.0337888011708856,-0.9910194873809814,3.176323413848877,-0.015074653550982475,1.5454643964767456,180.6546173095703,179.46392822265625,167.70606994628906
2,1.0569833340123296,-0.998223602771759,3.141472578048706,-0.0035738602746278048,1.5681488513946533,180.82643127441406,179.46815490722656,167.6687774658203
