itr,time,loss,theta,phi,gamma,bx,by,bz
0,1.0004603825509548,-0.866836428642273,3.070528268814087,-0.08087288588285446,1.5557612180709839,190.9908905029297,178.07546997070312,193.6718292236328
1,0.9980373475700617,-0.9296356439590454,3.155094623565674,-0.036435872316360474,1.6114716529846191,182.48377990722656,186.4647979736328,184.01162719726562
2,1.039984812028706,-0.9414308071136475,3.027405261993408,-0.04278150945901871,1.5913646221160889,181.57928466796875,186.91761779785156,182.598388671875
3,1.1068942854180932,-0.9677566289901733,3.0593581199645996,-0.05513177067041397,1.6074202060699463,179.33921813964844,184.12872314453125,175.0819549560547
4,1.1813097158446908,-0.9967861771583557,3.1481106281280518,0.001342368428595364,1.5691193342208862,178.17449951171875,179.46786499023438,167.80377197265625
