itr,time,loss,theta,phi,gamma,bx,by,bz
0,1.0699651325121522,-0.8402658104896545,2.54453444480896,0.05737341567873955,1.5686719417572021,200.1466064453125,192.0866241455078,165.1941375732422
1,1.0824765376746655,-0.8716936111450195,2.876608371734619,0.07922716438770294,1.6563829183578491,193.96725463867188,188.0574951171875,167.67828369140625
2,1.0763534912839532,-0.9889230132102966,3.124574899673462,-0.015629325062036514,1.5758085250854492,180.75979614257812,181.20057678222656,172.80677795410156
3,1.1024514650925994,-0.989620566368103,3.132534980773926,-0.02101672813296318,1.584831714630127,180.80560302734375,181.03038024902344,172.29318237304688
4,1.128415814600885,-0.9987377524375916,3.1431803703308105,-0.0046286857686936855,1.5680067539215088,180.80401611328125,179.5728759765625,167.23826599121094
