itr,time,loss,theta,phi,gamma,bx,by,bz
0,0.9597894521430135,-0.8774519562721252,3.125113010406494,-0.0672706589102745,1.5890446901321411,197.0045166015625,185.90589904785156,166.71653747558594
1,1.0290335034951568,-0.9853748679161072,3.147036075592041,-0.011627521365880966,1.5988385677337646,182.35324096679688,178.46005249023438,168.9593048095703
