itr,time,loss,theta,phi,gamma,bx,by,bz
0,0.9746999433264136,-0.7800701856613159,3.3399806022644043,0.012348392978310585,1.4960230588912964,150.67481994628906,161.30601501464844,188.4647674560547
1,1.0274711912497878,-0.8135076761245728,3.0191152095794678,0.18022945523262024,1.3955844640731812,156.633544921875,171.51658630371094,180.2143096923828
2,0.9741215761750937,-0.9284473657608032,3.064741611480713,0.06836499273777008,1.5485308170318604,166.61778259277344,186.439208984375,168.13104248046875
3,1.060816079378128,-0.9503306150436401,3.09598445892334,0.050500426441431046,1.5509673357009888,169.4605255126953,184.38650512695312,168.15673828125
