itr,time,loss,theta,phi,gamma,bx,by,bz
0,1.005766094662249,-0.99017733335495,3.1490325927734375,0.013494852930307388,1.571235179901123,175.65750122070312,180.05679321289062,165.8248748779297
