itr,time,loss,theta,phi,gamma,bx,by,bz
0,0.9987479792907834,-0.9461337924003601,3.1838274002075195,0.07587307691574097,1.5696837902069092,166.62147521972656,177.8517608642578,160.02395629882812
1,0.9757153866812587,-0.9961696863174438,3.1480469703674316,0.013892454095184803,1.5675349235534668,180.1225128173828,179.98377990722656,162.82534790039062
