itr,time,loss,theta,phi,gamma,bx,by,bz
0,1.4010507864877582,-0.8457738161087036,3.2112348079681396,0.00030771258752793074,1.5193963050842285,158.7806854248047,168.5251922607422,184.80120849609375
1,1.015788129530847,-0.8822534680366516,2.976928472518921,0.10120206326246262,1.4645472764968872,165.66412353515625,176.60256958007812,177.26832580566406
2,1.1075901882722974,-0.9238298535346985,2.9923629760742188,5.5006272305035964e-05,1.5987486839294434,168.9618682861328,179.84420776367188,173.93991088867188
3,1.1509073870256543,-0.9859208464622498,3.142070770263672,-0.0041793342679739,1.5729905366897583,177.03138732910156,183.12660217285156,169.40994262695312
4,1.1037418218329549,-0.9986294507980347,3.1442980766296387,-0.007140606641769409,1.5733517408370972,180.7227325439453,180.23753356933594,167.75442504882812
