itr,time,loss,theta,phi,gamma,bx,by,bz
0,0.9541054340079427,-0.8687772154808044,3.185391426086426,0.16654446721076965,1.602071762084961,154.52076721191406,182.27935791015625,149.34097290039062
1,1.0289229834452271,-0.8845806121826172,3.2618308067321777,0.12254973500967026,1.6802386045455933,159.6029510498047,180.69593811035156,152.68382263183594
2,1.0876093870028853,-0.9590768218040466,3.1998956203460693,0.0710548385977745,1.5578421354293823,170.5762176513672,175.83924865722656,159.353515625
3,1.118079804815352,-0.9727237820625305,3.2055306434631348,0.02248699590563774,1.558883786201477,175.9945831298828,173.79953002929688,162.74649047851562
4,1.1202374128624797,-0.9933404326438904,3.153317451477051,0.013370505534112453,1.5511932373046875,182.06878662109375,179.70098876953125,165.79360961914062
