itr,time,loss,theta,phi,gamma,bx,by,bz
0,1.1980312122032046,-0.8602815270423889,3.195622444152832,0.13684765994548798,1.5747318267822266,177.090576171875,183.7260284423828,137.29478454589844
1,1.0100490786135197,-0.9584732055664062,3.2052457332611084,0.06482796370983124,1.5932836532592773,175.09226989746094,175.2797088623047,155.40048217773438
2,1.0685296626761556,-0.9968202114105225,3.140803098678589,0.0030595688149333,1.5709359645843506,177.87034606933594,180.40940856933594,166.67758178710938
