itr,time,loss,theta,phi,gamma,bx,by,bz
0,0.9731146339327097,-0.8997724652290344,3.2420854568481445,0.1057247743010521,1.544983983039856,172.44692993164062,170.8286895751953,144.171875
1,1.013312617316842,-0.9907628893852234,3.123462677001953,0.011114686727523804,1.5760759115219116,178.088623046875,182.29730224609375,163.63314819335938
