itr,time,loss,theta,phi,gamma,bx,by,bz
0,0.9603232145309448,-0.9256541728973389,3.18802809715271,-0.04609750211238861,1.5561013221740723,184.1742401123047,173.0050506591797,180.04766845703125
1,1.0973458122462034,-0.9804140329360962,3.1008031368255615,-0.021742329001426697,1.5766059160232544,180.99627685546875,182.7759552001953,174.91648864746094
2,1.1188956331461668,-0.9819498062133789,3.0955650806427,-0.023211877793073654,1.5745689868927002,181.0460662841797,181.8825225830078,174.6779022216797
3,1.1181176993995905,-0.9987277984619141,3.1434435844421387,0.0008166749612428248,1.570245623588562,178.7678680419922,179.88336181640625,166.97703552246094
