itr,time,loss,theta,phi,gamma,bx,by,bz
0,0.9559089448302984,-0.8817962408065796,2.9952640533447266,0.09316137433052063,1.613568902015686,170.62864685058594,197.88783264160156,159.70164489746094
1,1.0207556812092662,-0.8861783146858215,3.0317790508270264,0.09512411803007126,1.6213812828063965,170.74392700195312,197.05345153808594,159.88832092285156
2,1.0755101181566715,-0.9793606996536255,3.157367467880249,0.03157627582550049,1.5667206048965454,173.10398864746094,178.85113525390625,163.97177124023438
3,1.0434518102556467,-0.989932119846344,3.2016429901123047,-0.008826833218336105,1.5534119606018066,178.35806274414062,178.00453186035156,165.0780029296875
