itr,time,loss,theta,phi,gamma,bx,by,bz
0,1.0094314841553569,-0.8781518340110779,2.917283058166504,0.08282054215669632,1.5942270755767822,179.02908325195312,197.33802795410156,157.11854553222656
1,1.01376948133111,-0.8803709745407104,2.924874782562256,0.06343602389097214,1.5907312631607056,178.94200134277344,196.9903106689453,157.2327117919922
2,1.0455550635233521,-0.9865308403968811,3.1507441997528076,0.02226818911731243,1.5722728967666626,175.06137084960938,179.8106231689453,163.27761840820312
