itr,time,loss,theta,phi,gamma,bx,by,bz
0,0.9835346788167953,-0.8129886984825134,3.4577577114105225,-0.051433637738227844,1.5512924194335938,183.53262329101562,161.22952270507812,182.0668182373047
1,1.036769143305719,-0.9784256815910339,3.1412527561187744,-0.015344777144491673,1.5705863237380981,175.68856811523438,180.2346649169922,174.28225708007812
2,0.9736064299941063,-0.9900837540626526,3.186022996902466,-0.01972692459821701,1.562091588973999,179.7976837158203,180.76919555664062,170.06390380859375
3,1.1158517841249704,-0.9985019564628601,3.1226601600646973,0.0014829598367214203,1.5726909637451172,180.16448974609375,180.77645874023438,167.3611602783203
