itr,time,loss,theta,phi,gamma,bx,by,bz
0,1.0282561676576734,-0.8423444032669067,3.3834927082061768,-0.006190282292664051,1.5234326124191284,173.86131286621094,159.56419372558594,175.20211791992188
1,1.0411205142736435,-0.9713976383209229,3.1714251041412354,0.035534776747226715,1.544458270072937,172.3673095703125,179.67718505859375,168.90858459472656
2,1.0455204201862216,-0.9815784692764282,3.1446001529693604,-0.004369083326309919,1.5799082517623901,173.91525268554688,179.9818572998047,168.49893188476562
