itr,time,loss,theta,phi,gamma,bx,by,bz
0,1.0507750567048788,-0.7570977807044983,3.1171064376831055,-0.20822130143642426,1.7014832496643066,202.70448303222656,197.105712890625,169.07704162597656
1,0.9938653716817498,-0.7629703879356384,3.134443759918213,-0.23110012710094452,1.7179920673370361,202.22384643554688,196.58656311035156,169.36627197265625
2,1.068986289203167,-0.9534306526184082,3.1287543773651123,-0.049104027450084686,1.5763123035430908,186.0201873779297,178.7375946044922,178.90760803222656
3,1.1117858113721013,-0.975998044013977,3.09970760345459,-0.009493095800280571,1.5694841146469116,180.77601623535156,179.74732971191406,176.0154266357422
4,1.1416393481194973,-0.986253023147583,3.1192026138305664,-0.018195677548646927,1.5746634006500244,179.33657836914062,182.3365020751953,173.1225128173828
5,1.1764589939266443,-0.9908966422080994,3.0937652587890625,-0.010276328772306442,1.5862092971801758,179.92149353027344,181.40768432617188,170.47926330566406
