itr,time,loss,theta,phi,gamma,bx,by,bz
0,0.9883031779900193,-0.6977196335792542,2.8538081645965576,-0.14925581216812134,1.590399146080017,210.2225799560547,177.95574951171875,166.69081115722656
1,1.0314015801995993,-0.7492156028747559,3.037224769592285,-0.19872088730335236,1.4899576902389526,207.2018280029297,178.4318389892578,167.6592254638672
2,1.0439885593950748,-0.8464685082435608,3.2723169326782227,0.1266430914402008,1.4147977828979492,192.8102569580078,179.65538024902344,172.0413818359375
3,1.089663377031684,-0.9701087474822998,3.2044365406036377,-0.030759695917367935,1.6127805709838867,182.47259521484375,180.25,174.2183074951172
4,1.1104339435696602,-0.9845743775367737,3.1354990005493164,-0.020523518323898315,1.5736732482910156,180.73184204101562,180.2291259765625,174.3032989501953
5,1.1403771359473467,-0.9919250011444092,3.097860336303711,0.000520315719768405,1.5589112043380737,180.71192932128906,181.02401733398438,170.0793914794922
6,1.2048978498205543,-0.9986421465873718,3.1227831840515137,-0.002944967010989785,1.5692673921585083,179.7530059814453,180.75587463378906,166.5650177001953
