itr,time,loss,theta,phi,gamma,bx,by,bz
0,1.0066954968497157,-0.9083206653594971,3.144871950149536,0.06134221330285072,1.551430344581604,187.9439697265625,184.43724060058594,149.78762817382812
1,1.0254924008622766,-0.9553007483482361,3.187084436416626,0.02449948899447918,1.5764976739883423,183.9796142578125,180.08261108398438,153.3009033203125
2,1.09423856344074,-0.9734293818473816,3.184159278869629,0.027992675080895424,1.5635061264038086,180.34036254882812,176.16354370117188,156.57505798339844
3,1.1160502433776855,-0.9804311990737915,3.1823275089263916,0.002006782917305827,1.578938364982605,179.48245239257812,177.2386932373047,158.32655334472656
4,1.0453737583011389,-0.9980155229568481,3.1591720581054688,0.004434878006577492,1.5641326904296875,179.9940185546875,180.4608612060547,166.13818359375
