itr,time,loss,theta,phi,gamma,bx,by,bz
0,1.0454823672771454,-0.8211910128593445,2.81077241897583,0.10714991390705109,1.6225378513336182,176.8336639404297,207.75177001953125,160.44586181640625
1,0.9979831958189607,-0.8222954869270325,2.84401273727417,0.0876968652009964,1.5857218503952026,176.72584533691406,207.0068359375,160.5824737548828
2,1.0690784445032477,-0.9720537066459656,3.186108112335205,0.021114010363817215,1.5902734994888306,172.33204650878906,182.06076049804688,164.49530029296875
3,1.1489203982055187,-0.977967381477356,3.1408817768096924,0.029874902218580246,1.5689191818237305,172.6696014404297,180.04457092285156,164.83013916015625
4,1.0614306684583426,-0.9976398348808289,3.143587112426758,-0.005577570758759975,1.5641685724258423,180.33038330078125,180.75201416015625,165.21304321289062
