itr,time,loss,theta,phi,gamma,bx,by,bz
0,0.9656932139769197,-0.6256048083305359,3.1529383659362793,0.2560575008392334,1.3657761812210083,210.21044921875,200.24069213867188,157.95083618164062
1,0.9831498842686415,-0.6341738104820251,3.1795291900634766,0.18363209068775177,1.4153590202331543,210.08718872070312,200.20962524414062,158.0050811767578
2,1.0248348154127598,-0.7360974550247192,3.254171133041382,0.007799090351909399,1.5483943223953247,202.25697326660156,197.02679443359375,161.3095245361328
3,1.088752081617713,-0.9570822715759277,2.975707530975342,-0.026248887181282043,1.6060090065002441,183.6006622314453,186.32139587402344,169.62091064453125
4,1.1485346863046288,-0.983717143535614,3.107081413269043,-0.011072173714637756,1.5748628377914429,178.4261016845703,183.61410522460938,171.8123016357422
5,1.0549714881926775,-0.9942240118980408,3.137002944946289,-0.010304582305252552,1.5725029706954956,180.79991149902344,180.39581298828125,170.6581573486328
