itr,time,loss,theta,phi,gamma,bx,by,bz
0,1.0400663632899523,-0.9034618735313416,3.253814935684204,0.005277779884636402,1.5410517454147339,168.63304138183594,167.5813751220703,174.30276489257812
1,1.0275890678167343,-0.9633461833000183,3.2473604679107666,-0.008219758048653603,1.5316412448883057,172.85975646972656,179.56182861328125,169.8840789794922
2,1.0059725074097514,-0.9823324680328369,3.128666400909424,0.008202223107218742,1.5790178775787354,174.5741729736328,182.01058959960938,168.85218811035156
