itr,time,loss,theta,phi,gamma,bx,by,bz
0,0.9603524906560779,-0.8081660866737366,3.0685172080993652,0.1465630680322647,1.652806043624878,150.1488494873047,202.02391052246094,156.426513671875
1,1.0542595144361258,-0.8102959394454956,3.0581929683685303,0.13109931349754333,1.6084153652191162,150.5016632080078,201.59469604492188,156.52149963378906
2,1.0645944392308593,-0.8155851364135742,2.979898452758789,0.17222970724105835,1.5837831497192383,151.4233856201172,200.49844360351562,156.79388427734375
3,1.05182533711195,-0.919689416885376,3.099337100982666,0.2021389603614807,1.5552282333374023,168.75193786621094,180.81814575195312,162.26681518554688
4,1.1152313631027937,-0.9748474359512329,3.185075283050537,0.02518414705991745,1.5657440423965454,173.47088623046875,175.8241729736328,163.70420837402344
5,1.1291010305285454,-0.9965601563453674,3.170726776123047,-0.0011779358610510826,1.5784822702407837,180.14459228515625,179.0219268798828,164.5847625732422
6,1.1857071621343493,-0.998921275138855,3.143998146057129,0.003074823645874858,1.570650577545166,180.09225463867188,179.84190368652344,164.49485778808594
