itr,time,loss,theta,phi,gamma,bx,by,bz
0,0.9697634326294065,-0.7611165046691895,2.9212281703948975,-0.04679002985358238,1.6363372802734375,163.89064025878906,209.2355499267578,196.0709991455078
1,1.0027442127466202,-0.9568954706192017,3.1780898571014404,-0.022700726985931396,1.5447624921798706,173.9250946044922,177.20083618164062,177.466552734375
2,1.067222530953586,-0.9809542894363403,3.1827964782714844,0.01623384654521942,1.560132384300232,179.12107849121094,176.29014587402344,170.59930419921875
3,1.0159770213067532,-0.998824417591095,3.138456344604492,-0.0034612880554050207,1.5773314237594604,180.7843780517578,179.96043395996094,166.7466583251953
