itr,time,loss,theta,phi,gamma,bx,by,bz
0,1.0089014116674662,-0.8290035128593445,2.6421217918395996,0.0648825466632843,1.6010189056396484,190.25148010253906,203.6393585205078,171.13235473632812
1,1.0828652456402779,-0.8293449282646179,2.6366772651672363,0.058374203741550446,1.5951577425003052,190.24554443359375,203.62596130371094,171.1333770751953
2,1.1312754089012742,-0.8480642437934875,2.5567798614501953,0.0014293044805526733,1.6074092388153076,185.3076934814453,192.29254150390625,172.0283966064453
3,1.1171855656430125,-0.8678696751594543,2.5395219326019287,0.16605406999588013,1.4817166328430176,184.5741729736328,190.28582763671875,172.255126953125
4,1.1256139799952507,-0.984154462814331,3.1146061420440674,-0.023793430998921394,1.5642335414886475,182.61416625976562,180.34799194335938,173.264892578125
5,1.1286159176379442,-0.985041081905365,3.1243040561676025,-0.017750399187207222,1.5726890563964844,182.4874267578125,180.17491149902344,173.22125244140625
6,1.1962197925895452,-0.9954097270965576,3.142354965209961,-0.0053305295296013355,1.5700814723968506,178.71444702148438,180.5595245361328,169.64120483398438
7,1.1964544840157032,-0.9964731931686401,3.1328418254852295,-0.003168689087033272,1.5777050256729126,179.0039825439453,181.19227600097656,168.4046173095703
