itr,time,loss,theta,phi,gamma,bx,by,bz
0,0.9633199032396078,-0.9403378963470459,3.191269874572754,0.009796902537345886,1.54464590549469,168.93515014648438,174.50877380371094,174.5930938720703
1,1.0278299190104008,-0.9905460476875305,3.1238646507263184,-0.003885677782818675,1.5723731517791748,177.83157348632812,182.44961547851562,169.26815795898438
2,1.066064815968275,-0.9987715482711792,3.130805253982544,-0.002562768291682005,1.5707892179489136,180.4083251953125,180.2582550048828,167.8493194580078
3,0.3621207904070616,-0.9989624619483948,3.1397531032562256,-0.0028488377574831247,1.5708611011505127,180.38392639160156,180.1373748779297,167.86529541015625
4,0.08227176778018475,-0.9989624619483948,3.139681816101074,-0.002818663837388158,1.5709136724472046,180.38230895996094,180.14028930664062,167.86602783203125
5,1.0405238242819905,-0.9989931583404541,3.142331838607788,-0.0018852540524676442,1.5712995529174805,180.3226318359375,180.13502502441406,167.83926391601562
