itr,time,loss,theta,phi,gamma,bx,by,bz
0,0.9680516412481666,-0.8399869203567505,3.2968952655792236,-0.0012049439828842878,1.5053658485412598,166.197265625,162.3539276123047,181.883544921875
1,1.005368578247726,-0.8859630823135376,3.314502239227295,-0.1594633013010025,1.5430964231491089,167.8821563720703,172.20846557617188,176.1533203125
2,1.001694613136351,-0.9618479013442993,3.1493661403656006,0.012066220864653587,1.5731626749038696,169.8807373046875,182.15199279785156,170.3563232421875
