itr,time,loss,theta,phi,gamma,bx,by,bz
0,1.0118421791121364,-0.7991872429847717,3.0642638206481934,-0.09646371752023697,1.5275415182113647,200.68441772460938,169.65296936035156,166.18905639648438
1,1.0709246043115854,-0.9779787659645081,3.1148619651794434,-0.017935961484909058,1.5966631174087524,185.106201171875,183.34999084472656,167.7725067138672
2,1.0642157411202788,-0.9837436079978943,3.073090076446533,-0.010380127467215061,1.5750808715820312,183.22544860839844,183.6304931640625,167.7661895751953
3,1.0735886385664344,-0.994637668132782,3.1102631092071533,0.004924954380840063,1.576332688331604,178.5184783935547,181.6808624267578,167.38330078125
