itr,time,loss,theta,phi,gamma,bx,by,bz
0,1.0055649876594543,-0.7890385985374451,2.938936710357666,0.22216138243675232,1.608681321144104,156.0081329345703,205.66067504882812,145.60086059570312
1,1.0713790580630302,-0.8023149967193604,2.8666481971740723,0.2569577395915985,1.640539526939392,158.40151977539062,201.18408203125,148.64634704589844
2,1.0618681479245424,-0.9746083617210388,3.1794817447662354,0.02041933313012123,1.5629523992538452,172.4253692626953,177.1231231689453,165.9370880126953
3,1.1073134373873472,-0.9895251989364624,3.146827220916748,-0.011994586326181889,1.5797889232635498,176.5604248046875,181.25747680664062,164.85800170898438
