itr,time,loss,theta,phi,gamma,bx,by,bz
0,0.9818362509831786,-0.3798299729824066,3.438922882080078,0.33967673778533936,2.3618083000183105,200.2929229736328,200.4750518798828,161.80276489257812
1,1.0201399140059948,-0.5395575761795044,3.5906901359558105,0.5879454612731934,2.260685920715332,174.89984130859375,186.6061553955078,166.1985321044922
2,1.0193255059421062,-0.9903067946434021,3.1875088214874268,-0.006262973882257938,1.5667393207550049,182.0435791015625,177.54742431640625,165.49574279785156
