itr,time,loss,theta,phi,gamma,bx,by,bz
0,0.9829877195879817,-0.8172813057899475,3.381103038787842,6.40828800201416,1.506700873374939,163.4363250732422,152.27249145507812,155.33358764648438
1,0.997228710912168,-0.8181160688400269,3.413886547088623,6.423530101776123,1.5201644897460938,163.43609619140625,152.2724151611328,155.3322296142578
2,1.0366431465372443,-0.8509968519210815,3.42684006690979,6.243744850158691,1.642638921737671,165.8409881591797,166.06979370117188,155.37982177734375
3,1.1031623547896743,-0.9448757767677307,3.148381233215332,6.325159072875977,1.5404940843582153,168.77947998046875,179.36813354492188,156.484619140625
4,1.1315639857202768,-0.9631164073944092,3.141191005706787,6.3267130851745605,1.580502986907959,172.8180389404297,183.28909301757812,158.1730499267578
5,0.9961475310847163,-0.9926514625549316,3.149286985397339,6.297353744506836,1.5686880350112915,180.683837890625,179.5152130126953,161.21450805664062
6,1.1841771798208356,-0.9949651956558228,3.1400327682495117,6.2915449142456055,1.5793260335922241,180.22813415527344,180.52320861816406,162.69113159179688
