itr,time,loss,theta,phi,gamma,bx,by,bz
0,1.0933407973498106,-0.8746175765991211,3.1819419860839844,0.20721901953220367,1.5386096239089966,175.1540069580078,186.40121459960938,142.8328399658203
1,1.051759397611022,-0.9664202928543091,3.1808130741119385,0.04348362237215042,1.5560383796691895,173.75955200195312,175.61801147460938,157.4854278564453
