itr,time,loss,theta,phi,gamma,bx,by,bz
0,1.1163177778944373,-0.8405941128730774,3.2385501861572266,0.03942007198929787,1.530372977256775,150.62132263183594,171.76852416992188,179.39703369140625
1,0.9800921762362123,-0.844940185546875,3.2350234985351562,0.0554797537624836,1.5192631483078003,151.41445922851562,172.25547790527344,178.90670776367188
2,1.0660675978288054,-0.9693175554275513,3.143418550491333,-0.021320350468158722,1.5749831199645996,173.0443878173828,183.83041381835938,165.77639770507812
