itr,time,loss,theta,phi,gamma,bx,by,bz
0,0.9639574075117707,-0.7216212153434753,3.019335985183716,-0.1855185478925705,1.5548149347305298,208.84742736816406,173.67117309570312,163.3792266845703
1,1.1690753288567066,-0.7261066436767578,2.996830463409424,-0.21091479063034058,1.5294924974441528,208.3597869873047,173.85418701171875,163.4693603515625
2,1.0967654213309288,-0.7829992175102234,3.4981353282928467,0.010267088189721107,1.4973348379135132,200.00067138671875,177.2551727294922,165.4986114501953
3,1.0587462289258838,-0.926276445388794,3.169297218322754,0.07245081663131714,1.4520975351333618,182.91534423828125,181.8411865234375,169.24880981445312
4,1.07139696739614,-0.9935064315795898,3.118154287338257,-0.008834103122353554,1.5748496055603027,181.208740234375,182.0496063232422,169.52902221679688
5,1.172837071120739,-0.9962303638458252,3.1130080223083496,-0.0028265072032809258,1.5753991603851318,180.24847412109375,180.91738891601562,169.02789306640625
6,0.43282257206737995,-0.9983169436454773,3.1430110931396484,-0.0038393614813685417,1.570741891860962,180.03976440429688,179.85433959960938,168.43463134765625
7,1.1039185812696815,-0.9984531998634338,3.148341417312622,-0.0036202259361743927,1.572021722793579,180.00225830078125,179.8936309814453,168.25633239746094
