itr,time,loss,theta,phi,gamma,bx,by,bz
0,0.9604613026604056,-0.8726416826248169,3.2040622234344482,0.17581090331077576,1.5577794313430786,155.56829833984375,173.69064331054688,149.7203826904297
1,0.9957875125110149,-0.8901574015617371,3.1659603118896484,0.13177351653575897,1.6421548128128052,161.69467163085938,175.29295349121094,153.695068359375
